DomainKey,DomainZh,SourceDirectory,SourceFile,LegacySourceFile,EnglishSourceFile,LegacyEnglishSourceFile,Title,ArticleTitleZh,ArticleTitleEn,DisplayOrder,DisplayTitleZh,DisplayTitleEn,OriginalOrder,GuidePosition,GuideOrder,StageOrder,StageKey,StageZh,Level,Language,TranslationKey,CurrentURL,CurrentPathDecoded,CurrentSlug,EnglishPath,URLPolicy,MigrationStatus,Notes
spacetime,時空篇,concept,concept/第一性原理的經典萃取.md,concept/01-第一性原理的經典萃取.md,en/concept/第一性原理的經典萃取_英文.md,en/concept/01-第一性原理的經典萃取_英文.md,第一性原理的經典萃取,第一性原理的經典萃取,Extracting First Principles from the Classics,01,01 第一性原理的經典萃取,01 Extracting First Principles from the Classics,1,1,10,10,methodology,方法論,foundation,zh,spacetime-001,https://cosmosorder.org/concept/01-%E7%AC%AC%E4%B8%80%E6%80%A7%E5%8E%9F%E7%90%86%E7%9A%84%E7%B6%93%E5%85%B8%E8%90%83%E5%8F%96,/concept/01-第一性原理的經典萃取,01-第一性原理的經典萃取,/en/concept/01-第一性原理的經典萃取/,preserve,clean-filename-title-complete,Physical filename/title cleaned; public URL preserved by slug; display order follows GuidePosition.
spacetime,時空篇,concept,concept/以簡馭繁的模型化原則.md,concept/02-以簡馭繁的模型化原則.md,en/concept/以簡馭繁的模型化原則_英文.md,en/concept/02-以簡馭繁的模型化原則_英文.md,以簡馭繁的模型化原則,以簡馭繁的模型化原則,The Modeling Principle of Governing Complexity with Simplicity,02,02 以簡馭繁的模型化原則,02 The Modeling Principle of Governing Complexity with Simplicity,2,2,20,10,methodology,方法論,foundation,zh,spacetime-002,https://cosmosorder.org/concept/02-%E4%BB%A5%E7%B0%A1%E9%A6%AD%E7%B9%81%E7%9A%84%E6%A8%A1%E5%9E%8B%E5%8C%96%E5%8E%9F%E5%89%87,/concept/02-以簡馭繁的模型化原則,02-以簡馭繁的模型化原則,/en/concept/02-以簡馭繁的模型化原則/,preserve,clean-filename-title-complete,Physical filename/title cleaned; public URL preserved by slug; display order follows GuidePosition.
spacetime,時空篇,concept,concept/奧卡姆剃刀法則的有效性.md,concept/06-奧卡姆剃刀法則的有效性.md,en/concept/奧卡姆剃刀法則的有效性_英文.md,en/concept/06-奧卡姆剃刀法則的有效性_英文.md,奧卡姆剃刀法則的有效性,奧卡姆剃刀法則的有效性,The Validity of Occam's Razor,03,03 奧卡姆剃刀法則的有效性,03 The Validity of Occam's Razor,6,3,30,10,methodology,方法論,foundation,zh,spacetime-006,https://cosmosorder.org/concept/06-%E5%A5%A7%E5%8D%A1%E5%A7%86%E5%89%83%E5%88%80%E6%B3%95%E5%89%87%E7%9A%84%E6%9C%89%E6%95%88%E6%80%A7,/concept/06-奧卡姆剃刀法則的有效性,06-奧卡姆剃刀法則的有效性,/en/concept/06-奧卡姆剃刀法則的有效性/,preserve,clean-filename-title-complete,Physical filename/title cleaned; public URL preserved by slug; display order follows GuidePosition.
spacetime,時空篇,concept,concept/以外揣內與不可見本質的驗證.md,concept/09-以外揣內與不可見本質的驗證.md,en/concept/以外揣內與不可見本質的驗證_英文.md,en/concept/09-以外揣內與不可見本質的驗證_英文.md,以外揣內與不可見本質的驗證,以外揣內與不可見本質的驗證,Inferring the Interior from the Exterior and Testing the Invisible,04,04 以外揣內與不可見本質的驗證,04 Inferring the Interior from the Exterior and Testing the Invisible,9,4,40,10,methodology,方法論,foundation,zh,spacetime-009,https://cosmosorder.org/concept/09-%E4%BB%A5%E5%A4%96%E6%8F%A3%E5%85%A7%E8%88%87%E4%B8%8D%E5%8F%AF%E8%A6%8B%E6%9C%AC%E8%B3%AA%E7%9A%84%E9%A9%97%E8%AD%89,/concept/09-以外揣內與不可見本質的驗證,09-以外揣內與不可見本質的驗證,/en/concept/09-以外揣內與不可見本質的驗證/,preserve,clean-filename-title-complete,Physical filename/title cleaned; public URL preserved by slug; display order follows GuidePosition.
spacetime,時空篇,concept,concept/正確歷法的時間刻度規律.md,concept/10-正確歷法的時間刻度規律.md,en/concept/正確歷法的時間刻度規律_英文.md,en/concept/10-正確歷法的時間刻度規律_英文.md,正確歷法的時間刻度規律,正確歷法的時間刻度規律,Correct Calendars and the Law of Temporal Scales,05,05 正確歷法的時間刻度規律,05 Correct Calendars and the Law of Temporal Scales,10,5,50,10,methodology,方法論,foundation,zh,spacetime-010,https://cosmosorder.org/concept/10-%E6%AD%A3%E7%A2%BA%E6%AD%B7%E6%B3%95%E7%9A%84%E6%99%82%E9%96%93%E5%88%BB%E5%BA%A6%E8%A6%8F%E5%BE%8B,/concept/10-正確歷法的時間刻度規律,10-正確歷法的時間刻度規律,/en/concept/10-正確歷法的時間刻度規律/,preserve,clean-filename-title-complete,Physical filename/title cleaned; public URL preserved by slug; display order follows GuidePosition.
spacetime,時空篇,concept,concept/符號化能量共振原則.md,concept/03-符號化能量共振原則.md,en/concept/符號化能量共振原則_英文.md,en/concept/03-符號化能量共振原則_英文.md,符號化能量共振原則,符號化能量共振原則,The Principle of Symbolic Energy Resonance,06,06 符號化能量共振原則,06 The Principle of Symbolic Energy Resonance,3,6,60,10,methodology,方法論,foundation,zh,spacetime-003,https://cosmosorder.org/concept/03-%E7%AC%A6%E8%99%9F%E5%8C%96%E8%83%BD%E9%87%8F%E5%85%B1%E6%8C%AF%E5%8E%9F%E5%89%87,/concept/03-符號化能量共振原則,03-符號化能量共振原則,/en/concept/03-符號化能量共振原則/,preserve,clean-filename-title-complete,Physical filename/title cleaned; public URL preserved by slug; display order follows GuidePosition.
spacetime,時空篇,concept,concept/全息規律的世界映射.md,concept/04-全息規律的世界映射.md,en/concept/全息規律的世界映射_英文.md,en/concept/04-全息規律的世界映射_英文.md,時間全息規律的世界映射,時間全息規律的世界映射,Temporal Holography and the Mapping of the World,07,07 時間全息規律的世界映射,07 Temporal Holography and the Mapping of the World,4,7,70,10,methodology,方法論,foundation,zh,spacetime-004,https://cosmosorder.org/concept/04-%E5%85%A8%E6%81%AF%E8%A6%8F%E5%BE%8B%E7%9A%84%E4%B8%96%E7%95%8C%E6%98%A0%E5%B0%84,/concept/04-全息規律的世界映射,04-全息規律的世界映射,/en/concept/04-全息規律的世界映射/,preserve,clean-filename-title-complete,Physical filename/title cleaned; public URL preserved by slug; display order follows GuidePosition.
spacetime,時空篇,concept,concept/空間全息映射規律.md,concept/05-空間全息映射規律.md,en/concept/空間全息映射規律_英文.md,en/concept/05-空間全息映射規律_英文.md,空間全息映射規律,空間全息映射規律,The Law of Spatial Holographic Mapping,08,08 空間全息映射規律,08 The Law of Spatial Holographic Mapping,5,8,80,10,methodology,方法論,foundation,zh,spacetime-005,https://cosmosorder.org/concept/05-%E7%A9%BA%E9%96%93%E5%85%A8%E6%81%AF%E6%98%A0%E5%B0%84%E8%A6%8F%E5%BE%8B,/concept/05-空間全息映射規律,05-空間全息映射規律,/en/concept/05-空間全息映射規律/,preserve,clean-filename-title-complete,Physical filename/title cleaned; public URL preserved by slug; display order follows GuidePosition.
spacetime,時空篇,concept,concept/常變原則的擬合規律.md,concept/08-常變原則的擬合規律.md,en/concept/常變原則的擬合規律_英文.md,en/concept/08-常變原則的擬合規律_英文.md,常變原則的擬合規律,常變原則的擬合規律,Fitting the Principle of Constancy and Change,09,09 常變原則的擬合規律,09 Fitting the Principle of Constancy and Change,8,9,90,10,methodology,方法論,foundation,zh,spacetime-008,https://cosmosorder.org/concept/08-%E5%B8%B8%E8%AE%8A%E5%8E%9F%E5%89%87%E7%9A%84%E6%93%AC%E5%90%88%E8%A6%8F%E5%BE%8B,/concept/08-常變原則的擬合規律,08-常變原則的擬合規律,/en/concept/08-常變原則的擬合規律/,preserve,clean-filename-title-complete,Physical filename/title cleaned; public URL preserved by slug; display order follows GuidePosition.
spacetime,時空篇,concept,concept/跨尺度技術搭配原則.md,concept/07-跨尺度技術搭配原則.md,en/concept/跨尺度技術搭配原則_英文.md,en/concept/07-跨尺度技術搭配原則_英文.md,跨尺度技術搭配原則,跨尺度技術搭配原則,The Principle of Cross-Scale Model Integration,10,10 跨尺度技術搭配原則,10 The Principle of Cross-Scale Model Integration,7,10,100,10,methodology,方法論,foundation,zh,spacetime-007,https://cosmosorder.org/concept/07-%E8%B7%A8%E5%B0%BA%E5%BA%A6%E6%8A%80%E8%A1%93%E6%90%AD%E9%85%8D%E5%8E%9F%E5%89%87,/concept/07-跨尺度技術搭配原則,07-跨尺度技術搭配原則,/en/concept/07-跨尺度技術搭配原則/,preserve,clean-filename-title-complete,Physical filename/title cleaned; public URL preserved by slug; display order follows GuidePosition.
spacetime,時空篇,concept,concept/年尺度陰陽時間模型.md,concept/11-年尺度陰陽時間模型.md,en/concept/年尺度陰陽時間模型_英文.md,en/concept/11-年尺度陰陽時間模型_英文.md,年尺度陰陽時間模型,年尺度陰陽時間模型,Annual Yin-Yang Time Model,11,11 年尺度陰陽時間模型,11 Annual Yin-Yang Time Model,11,11,110,20,yin-yang,陰陽,foundation,zh,spacetime-011,https://cosmosorder.org/concept/11-%E5%B9%B4%E5%B0%BA%E5%BA%A6%E9%99%B0%E9%99%BD%E6%99%82%E9%96%93%E6%A8%A1%E5%9E%8B,/concept/11-年尺度陰陽時間模型,11-年尺度陰陽時間模型,/en/concept/11-年尺度陰陽時間模型/,preserve,clean-filename-title-complete,Physical filename/title cleaned; public URL preserved by slug; display order follows GuidePosition.
spacetime,時空篇,concept,concept/日尺度陰陽時間模型.md,concept/12-日尺度陰陽時間模型.md,en/concept/日尺度陰陽時間模型_英文.md,en/concept/12-日尺度陰陽時間模型_英文.md,日尺度陰陽時間模型,日尺度陰陽時間模型,Daily Yin-Yang Time Model,12,12 日尺度陰陽時間模型,12 Daily Yin-Yang Time Model,12,12,120,20,yin-yang,陰陽,foundation,zh,spacetime-012,https://cosmosorder.org/concept/12-%E6%97%A5%E5%B0%BA%E5%BA%A6%E9%99%B0%E9%99%BD%E6%99%82%E9%96%93%E6%A8%A1%E5%9E%8B,/concept/12-日尺度陰陽時間模型,12-日尺度陰陽時間模型,/en/concept/12-日尺度陰陽時間模型/,preserve,clean-filename-title-complete,Physical filename/title cleaned; public URL preserved by slug; display order follows GuidePosition.
spacetime,時空篇,concept,concept/人體陰陽空間幾何對稱模型.md,concept/13-人體陰陽空間幾何對稱模型.md,en/concept/人體陰陽空間幾何對稱模型_英文.md,en/concept/13-人體陰陽空間幾何對稱模型_英文.md,人體陰陽空間幾何對稱模型,人體陰陽空間幾何對稱模型,Human Yin-Yang Spatial Geometric Symmetry Model,13,13 人體陰陽空間幾何對稱模型,13 Human Yin-Yang Spatial Geometric Symmetry Model,13,13,130,20,yin-yang,陰陽,foundation,zh,spacetime-013,https://cosmosorder.org/concept/13-%E4%BA%BA%E9%AB%94%E9%99%B0%E9%99%BD%E7%A9%BA%E9%96%93%E5%B9%BE%E4%BD%95%E5%B0%8D%E7%A8%B1%E6%A8%A1%E5%9E%8B,/concept/13-人體陰陽空間幾何對稱模型,13-人體陰陽空間幾何對稱模型,/en/concept/13-人體陰陽空間幾何對稱模型/,preserve,clean-filename-title-complete,Physical filename/title cleaned; public URL preserved by slug; display order follows GuidePosition.
spacetime,時空篇,concept,concept/天地的陰陽空間模型.md,concept/14-天地的陰陽空間模型.md,en/concept/天地的陰陽空間模型_英文.md,en/concept/14-天地的陰陽空間模型_英文.md,天地的陰陽空間模型,天地的陰陽空間模型,Heaven-Earth Yin-Yang Spatial Model,14,14 天地的陰陽空間模型,14 Heaven-Earth Yin-Yang Spatial Model,14,14,140,20,yin-yang,陰陽,foundation,zh,spacetime-014,https://cosmosorder.org/concept/14-%E5%A4%A9%E5%9C%B0%E7%9A%84%E9%99%B0%E9%99%BD%E7%A9%BA%E9%96%93%E6%A8%A1%E5%9E%8B,/concept/14-天地的陰陽空間模型,14-天地的陰陽空間模型,/en/concept/14-天地的陰陽空間模型/,preserve,clean-filename-title-complete,Physical filename/title cleaned; public URL preserved by slug; display order follows GuidePosition.
spacetime,時空篇,concept,concept/四象時間模型（陰陽互含規律）.md,concept/15-四象時間模型（陰陽互含規律）.md,en/concept/四象時間模型（陰陽互含規律）_英文.md,en/concept/15-四象時間模型（陰陽互含規律）_英文.md,四象時間模型（陰陽互含規律）,四象時間模型（陰陽互含規律）,Four Images Time Model: The Law of Mutual Inclusion of Yin and Yang,15,15 四象時間模型（陰陽互含規律）,15 Four Images Time Model: The Law of Mutual Inclusion of Yin and Yang,15,15,150,30,four-images,四象,foundation,zh,spacetime-015,https://cosmosorder.org/concept/15-%E5%9B%9B%E8%B1%A1%E6%99%82%E9%96%93%E6%A8%A1%E5%9E%8B%E9%99%B0%E9%99%BD%E4%BA%92%E5%90%AB%E8%A6%8F%E5%BE%8B,/concept/15-四象時間模型陰陽互含規律,15-四象時間模型陰陽互含規律,/en/concept/15-四象時間模型陰陽互含規律/,preserve,clean-filename-title-complete,Physical filename/title cleaned; public URL preserved by slug; display order follows GuidePosition.
spacetime,時空篇,concept,concept/月相四象變化模型.md,concept/16-月相四象變化模型.md,en/concept/月相四象變化模型_英文.md,en/concept/16-月相四象變化模型_英文.md,月相四象變化模型,月相四象變化模型,Four Images Model of Lunar Phases,16,16 月相四象變化模型,16 Four Images Model of Lunar Phases,16,16,160,30,four-images,四象,foundation,zh,spacetime-016,https://cosmosorder.org/concept/16-%E6%9C%88%E7%9B%B8%E5%9B%9B%E8%B1%A1%E8%AE%8A%E5%8C%96%E6%A8%A1%E5%9E%8B,/concept/16-月相四象變化模型,16-月相四象變化模型,/en/concept/16-月相四象變化模型/,preserve,clean-filename-title-complete,Physical filename/title cleaned; public URL preserved by slug; display order follows GuidePosition.
spacetime,時空篇,concept,concept/五行相生年尺度模型.md,concept/17-五行相生年尺度模型.md,en/concept/五行相生年尺度模型_英文.md,en/concept/17-五行相生年尺度模型_英文.md,五行相生年尺度模型,五行相生年尺度模型,Annual Five-Phase Generating Cycle Model,17,17 五行相生年尺度模型,17 Annual Five-Phase Generating Cycle Model,17,17,170,40,five-phases,五行,advanced,zh,spacetime-017,https://cosmosorder.org/concept/17-%E4%BA%94%E8%A1%8C%E7%9B%B8%E7%94%9F%E5%B9%B4%E5%B0%BA%E5%BA%A6%E6%A8%A1%E5%9E%8B,/concept/17-五行相生年尺度模型,17-五行相生年尺度模型,/en/concept/17-五行相生年尺度模型/,preserve,clean-filename-title-complete,Physical filename/title cleaned; public URL preserved by slug; display order follows GuidePosition.
spacetime,時空篇,concept,concept/天干十日五行時間週期模型.md,concept/18-天干十日五行時間週期模型.md,en/concept/天干十日五行時間週期模型_英文.md,en/concept/18-天干十日五行時間週期模型_英文.md,天干十日五行時間週期模型,天干十日五行時間週期模型,Ten-Day Five-Phase Cycle of the Heavenly Stems,18,18 天干十日五行時間週期模型,18 Ten-Day Five-Phase Cycle of the Heavenly Stems,18,18,180,40,five-phases,五行,advanced,zh,spacetime-018,https://cosmosorder.org/concept/18-%E5%A4%A9%E5%B9%B2%E5%8D%81%E6%97%A5%E4%BA%94%E8%A1%8C%E6%99%82%E9%96%93%E9%80%B1%E6%9C%9F%E6%A8%A1%E5%9E%8B,/concept/18-天干十日五行時間週期模型,18-天干十日五行時間週期模型,/en/concept/18-天干十日五行時間週期模型/,preserve,clean-filename-title-complete,Physical filename/title cleaned; public URL preserved by slug; display order follows GuidePosition.
spacetime,時空篇,concept,concept/五行中土空間模型.md,concept/19-五行中土空間模型.md,en/concept/五行中土空間模型_英文.md,en/concept/19-五行中土空間模型_英文.md,五行中土空間模型,五行中土空間模型,Five-Phase Spatial Model with Earth at the Center,19,19 五行中土空間模型,19 Five-Phase Spatial Model with Earth at the Center,19,19,190,40,five-phases,五行,advanced,zh,spacetime-019,https://cosmosorder.org/concept/19-%E4%BA%94%E8%A1%8C%E4%B8%AD%E5%9C%9F%E7%A9%BA%E9%96%93%E6%A8%A1%E5%9E%8B,/concept/19-五行中土空間模型,19-五行中土空間模型,/en/concept/19-五行中土空間模型/,preserve,clean-filename-title-complete,Physical filename/title cleaned; public URL preserved by slug; display order follows GuidePosition.
spacetime,時空篇,concept,concept/五行相剋洛書一筆畫模型.md,concept/20-五行相剋洛書一筆畫模型.md,en/concept/五行相剋洛書一筆畫模型_英文.md,en/concept/20-五行相剋洛書一筆畫模型_英文.md,五行相剋洛書一筆畫模型,五行相剋洛書一筆畫模型,Luoshu Single-Stroke Model of Five-Phase Restraint,20,20 五行相剋洛書一筆畫模型,20 Luoshu Single-Stroke Model of Five-Phase Restraint,20,20,200,40,five-phases,五行,advanced,zh,spacetime-020,https://cosmosorder.org/concept/20-%E4%BA%94%E8%A1%8C%E7%9B%B8%E5%89%8B%E6%B4%9B%E6%9B%B8%E4%B8%80%E7%AD%86%E7%95%AB%E6%A8%A1%E5%9E%8B,/concept/20-五行相剋洛書一筆畫模型,20-五行相剋洛書一筆畫模型,/en/concept/20-五行相剋洛書一筆畫模型/,preserve,clean-filename-title-complete,Physical filename/title cleaned; public URL preserved by slug; display order follows GuidePosition.
spacetime,時空篇,concept,concept/五行互涵模型（體質與藥精細分）.md,concept/21-五行互涵模型（體質與藥精細分）.md,en/concept/五行互涵模型（體質與藥精細分）_英文.md,en/concept/21-五行互涵模型（體質與藥精細分）_英文.md,五行互含模型（體質與藥精細分）,五行互含模型（體質與藥精細分）,Five-Phase Mutual-Inclusion Model: Refining Constitution and Medicinal Essence,21,21 五行互含模型（體質與藥精細分）,21 Five-Phase Mutual-Inclusion Model: Refining Constitution and Medicinal Essence,21,21,210,40,five-phases,五行,advanced,zh,spacetime-021,https://cosmosorder.org/concept/21-%E4%BA%94%E8%A1%8C%E4%BA%92%E6%B6%B5%E6%A8%A1%E5%9E%8B%E9%AB%94%E8%B3%AA%E8%88%87%E8%97%A5%E7%B2%BE%E7%B4%B0%E5%88%86,/concept/21-五行互涵模型體質與藥精細分,21-五行互涵模型體質與藥精細分,/en/concept/21-五行互涵模型體質與藥精細分/,preserve,clean-filename-title-complete,Physical filename/title cleaned; public URL preserved by slug; display order follows GuidePosition.
spacetime,時空篇,concept,concept/三陰三陽年尺度主氣模型.md,concept/23-三陰三陽年尺度主氣模型.md,en/concept/三陰三陽年尺度主氣模型_英文.md,en/concept/23-三陰三陽年尺度主氣模型_英文.md,三陰三陽年尺度主氣模型,三陰三陽年尺度主氣模型,Annual Host-Qi Model of the Three Yin and Three Yang,22,22 三陰三陽年尺度主氣模型,22 Annual Host-Qi Model of the Three Yin and Three Yang,23,22,220,50,three-yin-yang,三陰三陽,advanced,zh,spacetime-023,https://cosmosorder.org/concept/23-%E4%B8%89%E9%99%B0%E4%B8%89%E9%99%BD%E5%B9%B4%E5%B0%BA%E5%BA%A6%E4%B8%BB%E6%B0%A3%E6%A8%A1%E5%9E%8B,/concept/23-三陰三陽年尺度主氣模型,23-三陰三陽年尺度主氣模型,/en/concept/23-三陰三陽年尺度主氣模型/,preserve,clean-filename-title-complete,Physical filename/title cleaned; public URL preserved by slug; display order follows GuidePosition.
spacetime,時空篇,concept,concept/二十四節氣拆分模型.md,concept/27-二十四節氣拆分模型.md,en/concept/二十四節氣拆分模型_英文.md,en/concept/27-二十四節氣拆分模型_英文.md,二十四節氣拆分模型,二十四節氣拆分模型,Partitioning Model of the Twenty-Four Solar Terms,23,23 二十四節氣拆分模型,23 Partitioning Model of the Twenty-Four Solar Terms,27,23,230,50,three-yin-yang,三陰三陽,advanced,zh,spacetime-027,https://cosmosorder.org/concept/27-%E4%BA%8C%E5%8D%81%E5%9B%9B%E7%AF%80%E6%B0%A3%E6%8B%86%E5%88%86%E6%A8%A1%E5%9E%8B,/concept/27-二十四節氣拆分模型,27-二十四節氣拆分模型,/en/concept/27-二十四節氣拆分模型/,preserve,clean-filename-title-complete,Physical filename/title cleaned; public URL preserved by slug; display order follows GuidePosition.
spacetime,時空篇,concept,concept/三陰三陽年尺度客氣變化模型.md,concept/22-三陰三陽年尺度客氣變化模型.md,en/concept/三陰三陽年尺度客氣變化模型_英文.md,en/concept/22-三陰三陽年尺度客氣變化模型_英文.md,三陰三陽時間尺度變化模型,三陰三陽時間尺度變化模型,Three Yin and Three Yang Guest-Qi Model Across Time Scales,24,24 三陰三陽時間尺度變化模型,24 Three Yin and Three Yang Guest-Qi Model Across Time Scales,22,24,240,50,three-yin-yang,三陰三陽,advanced,zh,spacetime-022,https://cosmosorder.org/concept/22-%E4%B8%89%E9%99%B0%E4%B8%89%E9%99%BD%E5%B9%B4%E5%B0%BA%E5%BA%A6%E5%AE%A2%E6%B0%A3%E8%AE%8A%E5%8C%96%E6%A8%A1%E5%9E%8B,/concept/22-三陰三陽年尺度客氣變化模型,22-三陰三陽年尺度客氣變化模型,/en/concept/22-三陰三陽年尺度客氣變化模型/,preserve,clean-filename-title-complete,Physical filename/title cleaned; public URL preserved by slug; display order follows GuidePosition.
spacetime,時空篇,concept,concept/三陰三陽地支十二日時間模型.md,concept/24-三陰三陽地支十二日時間模型.md,en/concept/三陰三陽地支十二日時間模型_英文.md,en/concept/24-三陰三陽地支十二日時間模型_英文.md,三陰三陽地支十二日時間模型,三陰三陽地支十二日時間模型,Twelve-Day Earthly-Branch Model of the Three Yin and Three Yang,25,25 三陰三陽地支十二日時間模型,25 Twelve-Day Earthly-Branch Model of the Three Yin and Three Yang,24,25,250,50,three-yin-yang,三陰三陽,advanced,zh,spacetime-024,https://cosmosorder.org/concept/24-%E4%B8%89%E9%99%B0%E4%B8%89%E9%99%BD%E5%9C%B0%E6%94%AF%E5%8D%81%E4%BA%8C%E6%97%A5%E6%99%82%E9%96%93%E6%A8%A1%E5%9E%8B,/concept/24-三陰三陽地支十二日時間模型,24-三陰三陽地支十二日時間模型,/en/concept/24-三陰三陽地支十二日時間模型/,preserve,clean-filename-title-complete,Physical filename/title cleaned; public URL preserved by slug; display order follows GuidePosition.
spacetime,時空篇,concept,concept/三陰三陽日尺度預解時模型.md,concept/25-三陰三陽日尺度預解時模型.md,en/concept/三陰三陽日尺度預解時模型_英文.md,en/concept/25-三陰三陽日尺度預解時模型_英文.md,三陰三陽日尺度預解時模型,三陰三陽日尺度預解時模型,Daily Desired-Relief-Time Model of the Three Yin and Three Yang,26,26 三陰三陽日尺度預解時模型,26 Daily Desired-Relief-Time Model of the Three Yin and Three Yang,25,26,260,50,three-yin-yang,三陰三陽,advanced,zh,spacetime-025,https://cosmosorder.org/concept/25-%E4%B8%89%E9%99%B0%E4%B8%89%E9%99%BD%E6%97%A5%E5%B0%BA%E5%BA%A6%E9%A0%90%E8%A7%A3%E6%99%82%E6%A8%A1%E5%9E%8B,/concept/25-三陰三陽日尺度預解時模型,25-三陰三陽日尺度預解時模型,/en/concept/25-三陰三陽日尺度預解時模型/,preserve,clean-filename-title-complete,Physical filename/title cleaned; public URL preserved by slug; display order follows GuidePosition.
spacetime,時空篇,concept,concept/三陰三陽人體空間分佈模型（陰陽離合規律）.md,concept/26-三陰三陽人體空間分佈模型（陰陽離合規律）.md,en/concept/三陰三陽人體空間分佈模型（陰陽離合規律）_英文.md,en/concept/26-三陰三陽人體空間分佈模型（陰陽離合規律）_英文.md,三陰三陽人體空間分佈模型（陰陽離合規律）,三陰三陽人體空間分佈模型（陰陽離合規律）,"Human Spatial Distribution of the Three Yin and Three Yang: The Law of Opening, Closing, and Pivoting",27,27 三陰三陽人體空間分佈模型（陰陽離合規律）,"27 Human Spatial Distribution of the Three Yin and Three Yang: The Law of Opening, Closing, and Pivoting",26,27,270,50,three-yin-yang,三陰三陽,advanced,zh,spacetime-026,https://cosmosorder.org/concept/26-%E4%B8%89%E9%99%B0%E4%B8%89%E9%99%BD%E4%BA%BA%E9%AB%94%E7%A9%BA%E9%96%93%E5%88%86%E4%BD%88%E6%A8%A1%E5%9E%8B%E9%99%B0%E9%99%BD%E9%9B%A2%E5%90%88%E8%A6%8F%E5%BE%8B,/concept/26-三陰三陽人體空間分佈模型陰陽離合規律,26-三陰三陽人體空間分佈模型陰陽離合規律,/en/concept/26-三陰三陽人體空間分佈模型陰陽離合規律/,preserve,clean-filename-title-complete,Physical filename/title cleaned; public URL preserved by slug; display order follows GuidePosition.
spacetime,時空篇,concept,concept/九宮八風空間與診法模型.md,concept/29-九宮八風空間與診法模型.md,en/concept/九宮八風空間與診法模型_英文.md,en/concept/29-九宮八風空間與診法模型_英文.md,九宮八風空間與診法模型,九宮八風空間與診法模型,Nine Palaces and Eight Winds: Spatial and Diagnostic Model,28,28 九宮八風空間與診法模型,28 Nine Palaces and Eight Winds: Spatial and Diagnostic Model,29,28,280,60,spatial-matrix,空間矩陣,research,zh,spacetime-029,https://cosmosorder.org/concept/29-%E4%B9%9D%E5%AE%AE%E5%85%AB%E9%A2%A8%E7%A9%BA%E9%96%93%E8%88%87%E8%A8%BA%E6%B3%95%E6%A8%A1%E5%9E%8B,/concept/29-九宮八風空間與診法模型,29-九宮八風空間與診法模型,/en/concept/29-九宮八風空間與診法模型/,preserve,clean-filename-title-complete,Physical filename/title cleaned; public URL preserved by slug; display order follows GuidePosition.
spacetime,時空篇,concept,concept/五六相合時空整合模型.md,concept/28-五六相合時空整合模型.md,en/concept/五六相合時空整合模型_英文.md,en/concept/28-五六相合時空整合模型_英文.md,五六相合時空整合模型,五六相合時空整合模型,Five-Six Spatiotemporal Integration Model,29,29 五六相合時空整合模型,29 Five-Six Spatiotemporal Integration Model,28,29,290,70,integration,整合疊加,research,zh,spacetime-028,https://cosmosorder.org/concept/28-%E4%BA%94%E5%85%AD%E7%9B%B8%E5%90%88%E6%99%82%E7%A9%BA%E6%95%B4%E5%90%88%E6%A8%A1%E5%9E%8B,/concept/28-五六相合時空整合模型,28-五六相合時空整合模型,/en/concept/28-五六相合時空整合模型/,preserve,clean-filename-title-complete,Physical filename/title cleaned; public URL preserved by slug; display order follows GuidePosition.
spacetime,時空篇,concept,concept/能量運動的疊加與干預原則.md,concept/30-能量運動的疊加與干預原則.md,en/concept/能量運動的疊加與干預原則_英文.md,en/concept/30-能量運動的疊加與干預原則_英文.md,能量運動的疊加與干預原則,能量運動的疊加與干預原則,Principle of Energy Superposition and Intervention,30,30 能量運動的疊加與干預原則,30 Principle of Energy Superposition and Intervention,30,30,300,70,integration,整合疊加,research,zh,spacetime-030,https://cosmosorder.org/concept/30-%E8%83%BD%E9%87%8F%E9%81%8B%E5%8B%95%E7%9A%84%E7%96%8A%E5%8A%A0%E8%88%87%E5%B9%B2%E9%A0%90%E5%8E%9F%E5%89%87,/concept/30-能量運動的疊加與干預原則,30-能量運動的疊加與干預原則,/en/concept/30-能量運動的疊加與干預原則/,preserve,clean-filename-title-complete,Physical filename/title cleaned; public URL preserved by slug; display order follows GuidePosition.
qihua-physiology,氣化生理篇,qihua_physiology_concept,qihua_physiology_concept/醫者明理與天人氣化總綱.md,qihua_physiology_concept/01-醫者明理與天人氣化總綱.md,en/qihua_physiology_concept/醫者明理與天人氣化總綱_英文.md,en/qihua_physiology_concept/01-醫者明理與天人氣化總綱_英文.md,醫者明理與天人氣化總綱,醫者明理與天人氣化總綱,Understanding Principles as a Physician: General Framework of Heaven-Human Qi Transformation,01,01 醫者明理與天人氣化總綱,01 Understanding Principles as a Physician: General Framework of Heaven-Human Qi Transformation,1,1,10,10,one-qi-yinyang,一氣與陰陽升降,foundation,zh,qihua-physiology-001,https://cosmosorder.org/qihua_physiology_concept/01-%E9%86%AB%E8%80%85%E6%98%8E%E7%90%86%E8%88%87%E5%A4%A9%E4%BA%BA%E6%B0%A3%E5%8C%96%E7%B8%BD%E7%B6%B1,/qihua_physiology_concept/01-醫者明理與天人氣化總綱,01-醫者明理與天人氣化總綱,/en/qihua_physiology_concept/01-醫者明理與天人氣化總綱/,preserve,clean-filename-title-complete,Physical filename/title cleaned; public URL preserved by slug; display order follows GuidePosition.
qihua-physiology,氣化生理篇,qihua_physiology_concept,qihua_physiology_concept/一氣陰陽清濁與中氣樞軸.md,qihua_physiology_concept/02-一氣陰陽清濁與中氣樞軸.md,en/qihua_physiology_concept/一氣陰陽清濁與中氣樞軸_英文.md,en/qihua_physiology_concept/02-一氣陰陽清濁與中氣樞軸_英文.md,一氣陰陽清濁與中氣樞軸,一氣陰陽清濁與中氣樞軸,"One Qi, Yin-Yang, Clear and Turbid, and the Pivot of Central Qi",02,02 一氣陰陽清濁與中氣樞軸,"02 One Qi, Yin-Yang, Clear and Turbid, and the Pivot of Central Qi",2,2,20,10,one-qi-yinyang,一氣與陰陽升降,foundation,zh,qihua-physiology-002,https://cosmosorder.org/qihua_physiology_concept/02-%E4%B8%80%E6%B0%A3%E9%99%B0%E9%99%BD%E6%B8%85%E6%BF%81%E8%88%87%E4%B8%AD%E6%B0%A3%E6%A8%9E%E8%BB%B8,/qihua_physiology_concept/02-一氣陰陽清濁與中氣樞軸,02-一氣陰陽清濁與中氣樞軸,/en/qihua_physiology_concept/02-一氣陰陽清濁與中氣樞軸/,preserve,clean-filename-title-complete,Physical filename/title cleaned; public URL preserved by slug; display order follows GuidePosition.
qihua-physiology,氣化生理篇,qihua_physiology_concept,qihua_physiology_concept/四象五行與春夏秋冬節律.md,qihua_physiology_concept/03-四象五行與春夏秋冬節律.md,en/qihua_physiology_concept/四象五行與春夏秋冬節律_英文.md,en/qihua_physiology_concept/03-四象五行與春夏秋冬節律_英文.md,四象五行與春夏秋冬節律,四象五行與春夏秋冬節律,"Four Images, Five Phases, and the Rhythm of Spring, Summer, Autumn, and Winter",03,03 四象五行與春夏秋冬節律,"03 Four Images, Five Phases, and the Rhythm of Spring, Summer, Autumn, and Winter",3,3,30,10,one-qi-yinyang,一氣與陰陽升降,foundation,zh,qihua-physiology-003,https://cosmosorder.org/qihua_physiology_concept/03-%E5%9B%9B%E8%B1%A1%E4%BA%94%E8%A1%8C%E8%88%87%E6%98%A5%E5%A4%8F%E7%A7%8B%E5%86%AC%E7%AF%80%E5%BE%8B,/qihua_physiology_concept/03-四象五行與春夏秋冬節律,03-四象五行與春夏秋冬節律,/en/qihua_physiology_concept/03-四象五行與春夏秋冬節律/,preserve,clean-filename-title-complete,Physical filename/title cleaned; public URL preserved by slug; display order follows GuidePosition.
qihua-physiology,氣化生理篇,qihua_physiology_concept,qihua_physiology_concept/脾胃中土與人體五行生成.md,qihua_physiology_concept/04-脾胃中土與人體五行生成.md,en/qihua_physiology_concept/脾胃中土與人體五行生成_英文.md,en/qihua_physiology_concept/04-脾胃中土與人體五行生成_英文.md,脾胃中土與人體五行生成,脾胃中土與人體五行生成,Spleen-Stomach Central Earth and the Generation of the Five Phases in the Body,04,04 脾胃中土與人體五行生成,04 Spleen-Stomach Central Earth and the Generation of the Five Phases in the Body,4,4,40,20,middle-earth-cycles,中土與天地節律,foundation,zh,qihua-physiology-004,https://cosmosorder.org/qihua_physiology_concept/04-%E8%84%BE%E8%83%83%E4%B8%AD%E5%9C%9F%E8%88%87%E4%BA%BA%E9%AB%94%E4%BA%94%E8%A1%8C%E7%94%9F%E6%88%90,/qihua_physiology_concept/04-脾胃中土與人體五行生成,04-脾胃中土與人體五行生成,/en/qihua_physiology_concept/04-脾胃中土與人體五行生成/,preserve,clean-filename-title-complete,Physical filename/title cleaned; public URL preserved by slug; display order follows GuidePosition.
qihua-physiology,氣化生理篇,qihua_physiology_concept,qihua_physiology_concept/探源圖解與天地人氣化總圖.md,qihua_physiology_concept/05-探源圖解與天地人氣化總圖.md,en/qihua_physiology_concept/探源圖解與天地人氣化總圖_英文.md,en/qihua_physiology_concept/05-探源圖解與天地人氣化總圖_英文.md,探源圖解與天地人氣化總圖,探源圖解與天地人氣化總圖,Diagrammatic Exploration of Origins: A General Map of Heaven-Earth-Human Qi Transformation,05,05 探源圖解與天地人氣化總圖,05 Diagrammatic Exploration of Origins: A General Map of Heaven-Earth-Human Qi Transformation,5,5,50,20,middle-earth-cycles,中土與天地節律,foundation,zh,qihua-physiology-005,https://cosmosorder.org/qihua_physiology_concept/05-%E6%8E%A2%E6%BA%90%E5%9C%96%E8%A7%A3%E8%88%87%E5%A4%A9%E5%9C%B0%E4%BA%BA%E6%B0%A3%E5%8C%96%E7%B8%BD%E5%9C%96,/qihua_physiology_concept/05-探源圖解與天地人氣化總圖,05-探源圖解與天地人氣化總圖,/en/qihua_physiology_concept/05-探源圖解與天地人氣化總圖/,preserve,clean-filename-title-complete,Physical filename/title cleaned; public URL preserved by slug; display order follows GuidePosition.
qihua-physiology,氣化生理篇,qihua_physiology_concept,qihua_physiology_concept/水火徵兆與上下左右道路.md,qihua_physiology_concept/07-水火徵兆與上下左右道路.md,en/qihua_physiology_concept/水火徵兆與上下左右道路_英文.md,en/qihua_physiology_concept/07-水火徵兆與上下左右道路_英文.md,水火徵兆與上下左右道路,水火徵兆與上下左右道路,"Signs of Water and Fire and the Pathways of Up, Down, Left, and Right",06,06 水火徵兆與上下左右道路,"06 Signs of Water and Fire and the Pathways of Up, Down, Left, and Right",7,6,60,20,middle-earth-cycles,中土與天地節律,foundation,zh,qihua-physiology-007,https://cosmosorder.org/qihua_physiology_concept/07-%E6%B0%B4%E7%81%AB%E5%BE%B5%E5%85%86%E8%88%87%E4%B8%8A%E4%B8%8B%E5%B7%A6%E5%8F%B3%E9%81%93%E8%B7%AF,/qihua_physiology_concept/07-水火徵兆與上下左右道路,07-水火徵兆與上下左右道路,/en/qihua_physiology_concept/07-水火徵兆與上下左右道路/,preserve,clean-filename-title-complete,Physical filename/title cleaned; public URL preserved by slug; display order follows GuidePosition.
qihua-physiology,氣化生理篇,qihua_physiology_concept,qihua_physiology_concept/生長收藏與五臟情志節律.md,qihua_physiology_concept/08-生長收藏與五臟情志節律.md,en/qihua_physiology_concept/生長收藏與五臟情志節律_英文.md,en/qihua_physiology_concept/08-生長收藏與五臟情志節律_英文.md,生長收藏與五臟情志節律,生長收藏與五臟情志節律,"Generation, Growth, Gathering, Storage, and the Emotional Rhythms of the Five Zang",07,07 生長收藏與五臟情志節律,"07 Generation, Growth, Gathering, Storage, and the Emotional Rhythms of the Five Zang",8,7,70,20,middle-earth-cycles,中土與天地節律,foundation,zh,qihua-physiology-008,https://cosmosorder.org/qihua_physiology_concept/08-%E7%94%9F%E9%95%B7%E6%94%B6%E8%97%8F%E8%88%87%E4%BA%94%E8%87%9F%E6%83%85%E5%BF%97%E7%AF%80%E5%BE%8B,/qihua_physiology_concept/08-生長收藏與五臟情志節律,08-生長收藏與五臟情志節律,/en/qihua_physiology_concept/08-生長收藏與五臟情志節律/,preserve,clean-filename-title-complete,Physical filename/title cleaned; public URL preserved by slug; display order follows GuidePosition.
qihua-physiology,氣化生理篇,qihua_physiology_concept,qihua_physiology_concept/六氣主時與年度氣候分段.md,qihua_physiology_concept/09-六氣主時與年度氣候分段.md,en/qihua_physiology_concept/六氣主時與年度氣候分段_英文.md,en/qihua_physiology_concept/09-六氣主時與年度氣候分段_英文.md,六氣主時與年度氣候分段,六氣主時與年度氣候分段,Temporal Governance of the Six Qi and Annual Climatic Segmentation,08,08 六氣主時與年度氣候分段,08 Temporal Governance of the Six Qi and Annual Climatic Segmentation,9,8,80,20,middle-earth-cycles,中土與天地節律,foundation,zh,qihua-physiology-009,https://cosmosorder.org/qihua_physiology_concept/09-%E5%85%AD%E6%B0%A3%E4%B8%BB%E6%99%82%E8%88%87%E5%B9%B4%E5%BA%A6%E6%B0%A3%E5%80%99%E5%88%86%E6%AE%B5,/qihua_physiology_concept/09-六氣主時與年度氣候分段,09-六氣主時與年度氣候分段,/en/qihua_physiology_concept/09-六氣主時與年度氣候分段/,preserve,clean-filename-title-complete,Physical filename/title cleaned; public URL preserved by slug; display order follows GuidePosition.
qihua-physiology,氣化生理篇,qihua_physiology_concept,qihua_physiology_concept/司天在泉與上下半年氣候.md,qihua_physiology_concept/10-司天在泉與上下半年氣候.md,en/qihua_physiology_concept/司天在泉與上下半年氣候_英文.md,en/qihua_physiology_concept/10-司天在泉與上下半年氣候_英文.md,司天在泉與上下半年氣候,司天在泉與上下半年氣候,"Sitian, Zaiquan, and the Climate of the Upper and Lower Halves of the Year",09,09 司天在泉與上下半年氣候,"09 Sitian, Zaiquan, and the Climate of the Upper and Lower Halves of the Year",10,9,90,20,middle-earth-cycles,中土與天地節律,foundation,zh,qihua-physiology-010,https://cosmosorder.org/qihua_physiology_concept/10-%E5%8F%B8%E5%A4%A9%E5%9C%A8%E6%B3%89%E8%88%87%E4%B8%8A%E4%B8%8B%E5%8D%8A%E5%B9%B4%E6%B0%A3%E5%80%99,/qihua_physiology_concept/10-司天在泉與上下半年氣候,10-司天在泉與上下半年氣候,/en/qihua_physiology_concept/10-司天在泉與上下半年氣候/,preserve,clean-filename-title-complete,Physical filename/title cleaned; public URL preserved by slug; display order follows GuidePosition.
qihua-physiology,氣化生理篇,qihua_physiology_concept,qihua_physiology_concept/天符歲會太乙天符與運氣疊加.md,qihua_physiology_concept/11-天符歲會太乙天符與運氣疊加.md,en/qihua_physiology_concept/天符歲會太乙天符與運氣疊加_英文.md,en/qihua_physiology_concept/11-天符歲會太乙天符與運氣疊加_英文.md,天符歲會太乙天符與運氣疊加,天符歲會太乙天符與運氣疊加,"Tianfu, Suihui, Taiyi Tianfu, and the Superposition of Movement and Qi",10,10 天符歲會太乙天符與運氣疊加,"10 Tianfu, Suihui, Taiyi Tianfu, and the Superposition of Movement and Qi",11,10,100,20,middle-earth-cycles,中土與天地節律,foundation,zh,qihua-physiology-011,https://cosmosorder.org/qihua_physiology_concept/11-%E5%A4%A9%E7%AC%A6%E6%AD%B2%E6%9C%83%E5%A4%AA%E4%B9%99%E5%A4%A9%E7%AC%A6%E8%88%87%E9%81%8B%E6%B0%A3%E7%96%8A%E5%8A%A0,/qihua_physiology_concept/11-天符歲會太乙天符與運氣疊加,11-天符歲會太乙天符與運氣疊加,/en/qihua_physiology_concept/11-天符歲會太乙天符與運氣疊加/,preserve,clean-filename-title-complete,Physical filename/title cleaned; public URL preserved by slug; display order follows GuidePosition.
qihua-physiology,氣化生理篇,qihua_physiology_concept,qihua_physiology_concept/人生之始與祖氣成形.md,qihua_physiology_concept/12-人生之始與祖氣成形.md,en/qihua_physiology_concept/人生之始與祖氣成形_英文.md,en/qihua_physiology_concept/12-人生之始與祖氣成形_英文.md,人生之始與祖氣成形,人生之始與祖氣成形,The Beginning of Human Life and the Formation of Ancestral Qi,11,11 人生之始與祖氣成形,11 The Beginning of Human Life and the Formation of Ancestral Qi,12,11,110,20,middle-earth-cycles,中土與天地節律,foundation,zh,qihua-physiology-012,https://cosmosorder.org/qihua_physiology_concept/12-%E4%BA%BA%E7%94%9F%E4%B9%8B%E5%A7%8B%E8%88%87%E7%A5%96%E6%B0%A3%E6%88%90%E5%BD%A2,/qihua_physiology_concept/12-人生之始與祖氣成形,12-人生之始與祖氣成形,/en/qihua_physiology_concept/12-人生之始與祖氣成形/,preserve,clean-filename-title-complete,Physical filename/title cleaned; public URL preserved by slug; display order follows GuidePosition.
qihua-physiology,氣化生理篇,qihua_physiology_concept,qihua_physiology_concept/五臟六腑功能網路總論.md,qihua_physiology_concept/13-五臟六腑功能網路總論.md,en/qihua_physiology_concept/五臟六腑功能網路總論_英文.md,en/qihua_physiology_concept/13-五臟六腑功能網路總論_英文.md,五臟六腑功能網路總論,五臟六腑功能網路總論,General Theory of the Functional Network of the Five Zang and Six Fu,12,12 五臟六腑功能網路總論,12 General Theory of the Functional Network of the Five Zang and Six Fu,13,12,120,30,viscera,臟腑,advanced,zh,qihua-physiology-013,https://cosmosorder.org/qihua_physiology_concept/13-%E4%BA%94%E8%87%9F%E5%85%AD%E8%85%91%E5%8A%9F%E8%83%BD%E7%B6%B2%E8%B7%AF%E7%B8%BD%E8%AB%96,/qihua_physiology_concept/13-五臟六腑功能網路總論,13-五臟六腑功能網路總論,/en/qihua_physiology_concept/13-五臟六腑功能網路總論/,preserve,clean-filename-title-complete,Physical filename/title cleaned; public URL preserved by slug; display order follows GuidePosition.
qihua-physiology,氣化生理篇,qihua_physiology_concept,qihua_physiology_concept/脾胃中央運化與太倉輸布.md,qihua_physiology_concept/16-脾胃中央運化與太倉輸布.md,en/qihua_physiology_concept/脾胃中央運化與太倉輸布_英文.md,en/qihua_physiology_concept/16-脾胃中央運化與太倉輸布_英文.md,脾胃中央運化與太倉輸布,脾胃中央運化與太倉輸布,"Spleen and Stomach: Central Transportation, Transformation, and Distribution from the Great Granary",13,13 脾胃中央運化與太倉輸布,"13 Spleen and Stomach: Central Transportation, Transformation, and Distribution from the Great Granary",16,13,130,30,viscera,臟腑,advanced,zh,qihua-physiology-016,https://cosmosorder.org/qihua_physiology_concept/16-%E8%84%BE%E8%83%83%E4%B8%AD%E5%A4%AE%E9%81%8B%E5%8C%96%E8%88%87%E5%A4%AA%E5%80%89%E8%BC%B8%E5%B8%83,/qihua_physiology_concept/16-脾胃中央運化與太倉輸布,16-脾胃中央運化與太倉輸布,/en/qihua_physiology_concept/16-脾胃中央運化與太倉輸布/,preserve,clean-filename-title-complete,Physical filename/title cleaned; public URL preserved by slug; display order follows GuidePosition.
qihua-physiology,氣化生理篇,qihua_physiology_concept,qihua_physiology_concept/肝膽風木謀慮與中正決斷.md,qihua_physiology_concept/15-肝膽風木謀慮與中正決斷.md,en/qihua_physiology_concept/肝膽風木謀慮與中正決斷_英文.md,en/qihua_physiology_concept/15-肝膽風木謀慮與中正決斷_英文.md,肝膽風木謀慮與中正決斷,肝膽風木謀慮與中正決斷,"Liver and Gallbladder Wind-Wood: Planning, Upright Judgment, and Decision",14,14 肝膽風木謀慮與中正決斷,"14 Liver and Gallbladder Wind-Wood: Planning, Upright Judgment, and Decision",15,14,140,30,viscera,臟腑,advanced,zh,qihua-physiology-015,https://cosmosorder.org/qihua_physiology_concept/15-%E8%82%9D%E8%86%BD%E9%A2%A8%E6%9C%A8%E8%AC%80%E6%85%AE%E8%88%87%E4%B8%AD%E6%AD%A3%E6%B1%BA%E6%96%B7,/qihua_physiology_concept/15-肝膽風木謀慮與中正決斷,15-肝膽風木謀慮與中正決斷,/en/qihua_physiology_concept/15-肝膽風木謀慮與中正決斷/,preserve,clean-filename-title-complete,Physical filename/title cleaned; public URL preserved by slug; display order follows GuidePosition.
qihua-physiology,氣化生理篇,qihua_physiology_concept,qihua_physiology_concept/心與小腸君火神明與化物生血.md,qihua_physiology_concept/14-心與小腸君火神明與化物生血.md,en/qihua_physiology_concept/心與小腸君火神明與化物生血_英文.md,en/qihua_physiology_concept/14-心與小腸君火神明與化物生血_英文.md,心與小腸君火神明與化物生血,心與小腸君火神明與化物生血,"Heart and Small Intestine: Sovereign Fire, Spirit, Transformation of Matter, and Blood Generation",15,15 心與小腸君火神明與化物生血,"15 Heart and Small Intestine: Sovereign Fire, Spirit, Transformation of Matter, and Blood Generation",14,15,150,30,viscera,臟腑,advanced,zh,qihua-physiology-014,https://cosmosorder.org/qihua_physiology_concept/14-%E5%BF%83%E8%88%87%E5%B0%8F%E8%85%B8%E5%90%9B%E7%81%AB%E7%A5%9E%E6%98%8E%E8%88%87%E5%8C%96%E7%89%A9%E7%94%9F%E8%A1%80,/qihua_physiology_concept/14-心與小腸君火神明與化物生血,14-心與小腸君火神明與化物生血,/en/qihua_physiology_concept/14-心與小腸君火神明與化物生血/,preserve,clean-filename-title-complete,Physical filename/title cleaned; public URL preserved by slug; display order follows GuidePosition.
qihua-physiology,氣化生理篇,qihua_physiology_concept,qihua_physiology_concept/肺大腸制節宣降與傳導.md,qihua_physiology_concept/17-肺大腸制節宣降與傳導.md,en/qihua_physiology_concept/肺大腸制節宣降與傳導_英文.md,en/qihua_physiology_concept/17-肺大腸制節宣降與傳導_英文.md,肺大腸制節宣降與傳導,肺大腸制節宣降與傳導,"Lung and Large Intestine: Regulation, Diffusion-Descent, and Conduction",16,16 肺大腸制節宣降與傳導,"16 Lung and Large Intestine: Regulation, Diffusion-Descent, and Conduction",17,16,160,30,viscera,臟腑,advanced,zh,qihua-physiology-017,https://cosmosorder.org/qihua_physiology_concept/17-%E8%82%BA%E5%A4%A7%E8%85%B8%E5%88%B6%E7%AF%80%E5%AE%A3%E9%99%8D%E8%88%87%E5%82%B3%E5%B0%8E,/qihua_physiology_concept/17-肺大腸制節宣降與傳導,17-肺大腸制節宣降與傳導,/en/qihua_physiology_concept/17-肺大腸制節宣降與傳導/,preserve,clean-filename-title-complete,Physical filename/title cleaned; public URL preserved by slug; display order follows GuidePosition.
qihua-physiology,氣化生理篇,qihua_physiology_concept,qihua_physiology_concept/腎膀胱水藏津液與氣化出入.md,qihua_physiology_concept/18-腎膀胱水藏津液與氣化出入.md,en/qihua_physiology_concept/腎膀胱水藏津液與氣化出入_英文.md,en/qihua_physiology_concept/18-腎膀胱水藏津液與氣化出入_英文.md,腎膀胱水藏津液與氣化出入,腎膀胱水藏津液與氣化出入,"Kidney and Bladder: Water Storage, Fluids, and the Entry-Exit of Qi Transformation",17,17 腎膀胱水藏津液與氣化出入,"17 Kidney and Bladder: Water Storage, Fluids, and the Entry-Exit of Qi Transformation",18,17,170,30,viscera,臟腑,advanced,zh,qihua-physiology-018,https://cosmosorder.org/qihua_physiology_concept/18-%E8%85%8E%E8%86%80%E8%83%B1%E6%B0%B4%E8%97%8F%E6%B4%A5%E6%B6%B2%E8%88%87%E6%B0%A3%E5%8C%96%E5%87%BA%E5%85%A5,/qihua_physiology_concept/18-腎膀胱水藏津液與氣化出入,18-腎膀胱水藏津液與氣化出入,/en/qihua_physiology_concept/18-腎膀胱水藏津液與氣化出入/,preserve,clean-filename-title-complete,Physical filename/title cleaned; public URL preserved by slug; display order follows GuidePosition.
qihua-physiology,氣化生理篇,qihua_physiology_concept,qihua_physiology_concept/心包三焦相火臣使與水道膜網.md,qihua_physiology_concept/19-心包三焦相火臣使與水道膜網.md,en/qihua_physiology_concept/心包三焦相火臣使與水道膜網_英文.md,en/qihua_physiology_concept/19-心包三焦相火臣使與水道膜網_英文.md,心包三焦相火臣使與水道膜網,心包三焦相火臣使與水道膜網,"Pericardium and Sanjiao: Ministerial Fire, the Envoy, and the Waterway Membrane Network",18,18 心包三焦相火臣使與水道膜網,"18 Pericardium and Sanjiao: Ministerial Fire, the Envoy, and the Waterway Membrane Network",19,18,180,30,viscera,臟腑,advanced,zh,qihua-physiology-019,https://cosmosorder.org/qihua_physiology_concept/19-%E5%BF%83%E5%8C%85%E4%B8%89%E7%84%A6%E7%9B%B8%E7%81%AB%E8%87%A3%E4%BD%BF%E8%88%87%E6%B0%B4%E9%81%93%E8%86%9C%E7%B6%B2,/qihua_physiology_concept/19-心包三焦相火臣使與水道膜網,19-心包三焦相火臣使與水道膜網,/en/qihua_physiology_concept/19-心包三焦相火臣使與水道膜網/,preserve,clean-filename-title-complete,Physical filename/title cleaned; public URL preserved by slug; display order follows GuidePosition.
qihua-physiology,氣化生理篇,qihua_physiology_concept,qihua_physiology_concept/臟腑部位形象與內外連網.md,qihua_physiology_concept/20-臟腑部位形象與內外連網.md,en/qihua_physiology_concept/臟腑部位形象與內外連網_英文.md,en/qihua_physiology_concept/20-臟腑部位形象與內外連網_英文.md,臟腑部位形象與內外連網,臟腑部位形象與內外連網,"Zang-Fu Location, Form, and Internal-External Networking",19,19 臟腑部位形象與內外連網,"19 Zang-Fu Location, Form, and Internal-External Networking",20,19,190,30,viscera,臟腑,advanced,zh,qihua-physiology-020,https://cosmosorder.org/qihua_physiology_concept/20-%E8%87%9F%E8%85%91%E9%83%A8%E4%BD%8D%E5%BD%A2%E8%B1%A1%E8%88%87%E5%85%A7%E5%A4%96%E9%80%A3%E7%B6%B2,/qihua_physiology_concept/20-臟腑部位形象與內外連網,20-臟腑部位形象與內外連網,/en/qihua_physiology_concept/20-臟腑部位形象與內外連網/,preserve,clean-filename-title-complete,Physical filename/title cleaned; public URL preserved by slug; display order follows GuidePosition.
qihua-physiology,氣化生理篇,qihua_physiology_concept,qihua_physiology_concept/十二經相交與如環無端.md,qihua_physiology_concept/21-十二經相交與如環無端.md,en/qihua_physiology_concept/十二經相交與如環無端_英文.md,en/qihua_physiology_concept/21-十二經相交與如環無端_英文.md,十二經相交與如環無端,十二經相交與如環無端,The Twelve Channels Intersecting in an Endless Ring,20,20 十二經相交與如環無端,20 The Twelve Channels Intersecting in an Endless Ring,21,20,200,40,meridians,經絡,advanced,zh,qihua-physiology-021,https://cosmosorder.org/qihua_physiology_concept/21-%E5%8D%81%E4%BA%8C%E7%B6%93%E7%9B%B8%E4%BA%A4%E8%88%87%E5%A6%82%E7%92%B0%E7%84%A1%E7%AB%AF,/qihua_physiology_concept/21-十二經相交與如環無端,21-十二經相交與如環無端,/en/qihua_physiology_concept/21-十二經相交與如環無端/,preserve,clean-filename-title-complete,Physical filename/title cleaned; public URL preserved by slug; display order follows GuidePosition.
qihua-physiology,氣化生理篇,qihua_physiology_concept,qihua_physiology_concept/衝任督帶與先後天交會.md,qihua_physiology_concept/22-衝任督帶與先後天交會.md,en/qihua_physiology_concept/衝任督帶與先後天交會_英文.md,en/qihua_physiology_concept/22-衝任督帶與先後天交會_英文.md,衝任督帶與先後天交會,衝任督帶與先後天交會,"Chong, Ren, Du, and Dai: The Meeting of Earlier and Later Heaven",21,21 衝任督帶與先後天交會,"21 Chong, Ren, Du, and Dai: The Meeting of Earlier and Later Heaven",22,21,210,40,meridians,經絡,advanced,zh,qihua-physiology-022,https://cosmosorder.org/qihua_physiology_concept/22-%E8%A1%9D%E4%BB%BB%E7%9D%A3%E5%B8%B6%E8%88%87%E5%85%88%E5%BE%8C%E5%A4%A9%E4%BA%A4%E6%9C%83,/qihua_physiology_concept/22-衝任督帶與先後天交會,22-衝任督帶與先後天交會,/en/qihua_physiology_concept/22-衝任督帶與先後天交會/,preserve,clean-filename-title-complete,Physical filename/title cleaned; public URL preserved by slug; display order follows GuidePosition.
qihua-physiology,氣化生理篇,qihua_physiology_concept,qihua_physiology_concept/六經解與十二經由六氣統攝.md,qihua_physiology_concept/23-六經解與十二經由六氣統攝.md,en/qihua_physiology_concept/六經解與十二經由六氣統攝_英文.md,en/qihua_physiology_concept/23-六經解與十二經由六氣統攝_英文.md,六經解與十二經由六氣統攝,六經解與十二經由六氣統攝,Explaining the Six Channels: Twelve Channels Governed by the Six Qi,22,22 六經解與十二經由六氣統攝,22 Explaining the Six Channels: Twelve Channels Governed by the Six Qi,23,22,220,50,six-channels,六經,advanced,zh,qihua-physiology-023,https://cosmosorder.org/qihua_physiology_concept/23-%E5%85%AD%E7%B6%93%E8%A7%A3%E8%88%87%E5%8D%81%E4%BA%8C%E7%B6%93%E7%94%B1%E5%85%AD%E6%B0%A3%E7%B5%B1%E6%94%9D,/qihua_physiology_concept/23-六經解與十二經由六氣統攝,23-六經解與十二經由六氣統攝,/en/qihua_physiology_concept/23-六經解與十二經由六氣統攝/,preserve,clean-filename-title-complete,Physical filename/title cleaned; public URL preserved by slug; display order follows GuidePosition.
qihua-physiology,氣化生理篇,qihua_physiology_concept,qihua_physiology_concept/六經開闔樞與審證大關鍵.md,qihua_physiology_concept/29-六經開闔樞與審證大關鍵.md,en/qihua_physiology_concept/六經開闔樞與審證大關鍵_英文.md,en/qihua_physiology_concept/29-六經開闔樞與審證大關鍵_英文.md,六經開闔樞與審證大關鍵,六經開闔樞與審證大關鍵,"Opening, Closing, and Pivoting of the Six Channels: A Key to Pattern Examination",23,23 六經開闔樞與審證大關鍵,"23 Opening, Closing, and Pivoting of the Six Channels: A Key to Pattern Examination",29,23,230,50,six-channels,六經,advanced,zh,qihua-physiology-029,https://cosmosorder.org/qihua_physiology_concept/29-%E5%85%AD%E7%B6%93%E9%96%8B%E9%97%94%E6%A8%9E%E8%88%87%E5%AF%A9%E8%AD%89%E5%A4%A7%E9%97%9C%E9%8D%B5,/qihua_physiology_concept/29-六經開闔樞與審證大關鍵,29-六經開闔樞與審證大關鍵,/en/qihua_physiology_concept/29-六經開闔樞與審證大關鍵/,preserve,clean-filename-title-complete,Physical filename/title cleaned; public URL preserved by slug; display order follows GuidePosition.
qihua-physiology,氣化生理篇,qihua_physiology_concept,qihua_physiology_concept/六氣解與主令化氣盛衰.md,qihua_physiology_concept/24-六氣解與主令化氣盛衰.md,en/qihua_physiology_concept/六氣解與主令化氣盛衰_英文.md,en/qihua_physiology_concept/24-六氣解與主令化氣盛衰_英文.md,六氣解與主令化氣盛衰,六氣解與主令化氣盛衰,"Explaining the Six Qi: Temporal Governance, Transformation, and Rise and Decline of Channel Qi",24,24 六氣解與主令化氣盛衰,"24 Explaining the Six Qi: Temporal Governance, Transformation, and Rise and Decline of Channel Qi",24,24,240,50,six-channels,六經,advanced,zh,qihua-physiology-024,https://cosmosorder.org/qihua_physiology_concept/24-%E5%85%AD%E6%B0%A3%E8%A7%A3%E8%88%87%E4%B8%BB%E4%BB%A4%E5%8C%96%E6%B0%A3%E7%9B%9B%E8%A1%B0,/qihua_physiology_concept/24-六氣解與主令化氣盛衰,24-六氣解與主令化氣盛衰,/en/qihua_physiology_concept/24-六氣解與主令化氣盛衰/,preserve,clean-filename-title-complete,Physical filename/title cleaned; public URL preserved by slug; display order follows GuidePosition.
qihua-physiology,氣化生理篇,qihua_physiology_concept,qihua_physiology_concept/營氣運行與脈中日夜五十周.md,qihua_physiology_concept/25-營氣運行與脈中日夜五十周.md,en/qihua_physiology_concept/營氣運行與脈中日夜五十周_英文.md,en/qihua_physiology_concept/25-營氣運行與脈中日夜五十周_英文.md,營氣運行與脈中日夜五十周,營氣運行與脈中日夜五十周,Nutritive Qi Circulation: Fifty Circuits Through the Vessels Day and Night,25,25 營氣運行與脈中日夜五十周,25 Nutritive Qi Circulation: Fifty Circuits Through the Vessels Day and Night,25,25,250,60,ying-wei-life-rhythm,營衛與生命節律,advanced,zh,qihua-physiology-025,https://cosmosorder.org/qihua_physiology_concept/25-%E7%87%9F%E6%B0%A3%E9%81%8B%E8%A1%8C%E8%88%87%E8%84%88%E4%B8%AD%E6%97%A5%E5%A4%9C%E4%BA%94%E5%8D%81%E5%91%A8,/qihua_physiology_concept/25-營氣運行與脈中日夜五十周,25-營氣運行與脈中日夜五十周,/en/qihua_physiology_concept/25-營氣運行與脈中日夜五十周/,preserve,clean-filename-title-complete,Physical filename/title cleaned; public URL preserved by slug; display order follows GuidePosition.
qihua-physiology,氣化生理篇,qihua_physiology_concept,qihua_physiology_concept/衛氣出入與寤寐防衛節律.md,qihua_physiology_concept/26-衛氣出入與寤寐防衛節律.md,en/qihua_physiology_concept/衛氣出入與寤寐防衛節律_英文.md,en/qihua_physiology_concept/26-衛氣出入與寤寐防衛節律_英文.md,衛氣出入與寤寐防衛節律,衛氣出入與寤寐防衛節律,Defensive Qi Entry and Exit: Wake-Sleep and Protective Rhythms,26,26 衛氣出入與寤寐防衛節律,26 Defensive Qi Entry and Exit: Wake-Sleep and Protective Rhythms,26,26,260,60,ying-wei-life-rhythm,營衛與生命節律,advanced,zh,qihua-physiology-026,https://cosmosorder.org/qihua_physiology_concept/26-%E8%A1%9B%E6%B0%A3%E5%87%BA%E5%85%A5%E8%88%87%E5%AF%A4%E5%AF%90%E9%98%B2%E8%A1%9B%E7%AF%80%E5%BE%8B,/qihua_physiology_concept/26-衛氣出入與寤寐防衛節律,26-衛氣出入與寤寐防衛節律,/en/qihua_physiology_concept/26-衛氣出入與寤寐防衛節律/,preserve,clean-filename-title-complete,Physical filename/title cleaned; public URL preserved by slug; display order follows GuidePosition.
qihua-physiology,氣化生理篇,qihua_physiology_concept,qihua_physiology_concept/男女天癸與生命長周期.md,qihua_physiology_concept/27-男女天癸與生命長周期.md,en/qihua_physiology_concept/男女天癸與生命長周期_英文.md,en/qihua_physiology_concept/27-男女天癸與生命長周期_英文.md,男女天癸與生命長周期,男女天癸與生命長周期,Tiangui in Women and Men and the Long Cycle of Life,27,27 男女天癸與生命長周期,27 Tiangui in Women and Men and the Long Cycle of Life,27,27,270,60,ying-wei-life-rhythm,營衛與生命節律,advanced,zh,qihua-physiology-027,https://cosmosorder.org/qihua_physiology_concept/27-%E7%94%B7%E5%A5%B3%E5%A4%A9%E7%99%B8%E8%88%87%E7%94%9F%E5%91%BD%E9%95%B7%E5%91%A8%E6%9C%9F,/qihua_physiology_concept/27-男女天癸與生命長周期,27-男女天癸與生命長周期,/en/qihua_physiology_concept/27-男女天癸與生命長周期/,preserve,clean-filename-title-complete,Physical filename/title cleaned; public URL preserved by slug; display order follows GuidePosition.
qihua-physiology,氣化生理篇,qihua_physiology_concept,qihua_physiology_concept/血氣精神與養生協調總論.md,qihua_physiology_concept/28-血氣精神與養生協調總論.md,en/qihua_physiology_concept/血氣精神與養生協調總論_英文.md,en/qihua_physiology_concept/28-血氣精神與養生協調總論_英文.md,血氣精神與養生協調總論,血氣精神與養生協調總論,"General Theory of Blood, Qi, Essence, Spirit, and Coordinated Health Preservation",28,28 血氣精神與養生協調總論,"28 General Theory of Blood, Qi, Essence, Spirit, and Coordinated Health Preservation",28,28,280,60,ying-wei-life-rhythm,營衛與生命節律,advanced,zh,qihua-physiology-028,https://cosmosorder.org/qihua_physiology_concept/28-%E8%A1%80%E6%B0%A3%E7%B2%BE%E7%A5%9E%E8%88%87%E9%A4%8A%E7%94%9F%E5%8D%94%E8%AA%BF%E7%B8%BD%E8%AB%96,/qihua_physiology_concept/28-血氣精神與養生協調總論,28-血氣精神與養生協調總論,/en/qihua_physiology_concept/28-血氣精神與養生協調總論/,preserve,clean-filename-title-complete,Physical filename/title cleaned; public URL preserved by slug; display order follows GuidePosition.
qihua-physiology,氣化生理篇,qihua_physiology_concept,qihua_physiology_concept/陰陽變化與治病求本.md,qihua_physiology_concept/06-陰陽變化與治病求本.md,en/qihua_physiology_concept/陰陽變化與治病求本_英文.md,en/qihua_physiology_concept/06-陰陽變化與治病求本_英文.md,陰陽變化與治病求本,陰陽變化與治病求本,Yin-Yang Transformation and Treating Disease by Seeking the Root,29,29 陰陽變化與治病求本,29 Yin-Yang Transformation and Treating Disease by Seeking the Root,6,29,290,70,pathology-integration,病理整合,research,zh,qihua-physiology-006,https://cosmosorder.org/qihua_physiology_concept/06-%E9%99%B0%E9%99%BD%E8%AE%8A%E5%8C%96%E8%88%87%E6%B2%BB%E7%97%85%E6%B1%82%E6%9C%AC,/qihua_physiology_concept/06-陰陽變化與治病求本,06-陰陽變化與治病求本,/en/qihua_physiology_concept/06-陰陽變化與治病求本/,preserve,clean-filename-title-complete,Physical filename/title cleaned; public URL preserved by slug; display order follows GuidePosition.
qihua-physiology,氣化生理篇,qihua_physiology_concept,qihua_physiology_concept/本標中氣與外感病機整合.md,qihua_physiology_concept/30-本標中氣與外感病機整合.md,en/qihua_physiology_concept/本標中氣與外感病機整合_英文.md,en/qihua_physiology_concept/30-本標中氣與外感病機整合_英文.md,本標中氣與外感病機整合,本標中氣與外感病機整合,"Root, Manifestation, and Central Qi: Integrating Externally Contracted Pathomechanisms",30,30 本標中氣與外感病機整合,"30 Root, Manifestation, and Central Qi: Integrating Externally Contracted Pathomechanisms",30,30,300,70,pathology-integration,病理整合,research,zh,qihua-physiology-030,https://cosmosorder.org/qihua_physiology_concept/30-%E6%9C%AC%E6%A8%99%E4%B8%AD%E6%B0%A3%E8%88%87%E5%A4%96%E6%84%9F%E7%97%85%E6%A9%9F%E6%95%B4%E5%90%88,/qihua_physiology_concept/30-本標中氣與外感病機整合,30-本標中氣與外感病機整合,/en/qihua_physiology_concept/30-本標中氣與外感病機整合/,preserve,clean-filename-title-complete,Physical filename/title cleaned; public URL preserved by slug; display order follows GuidePosition.
jingfang,經方篇,jingfang_concept,jingfang_concept/經方之經的古天文幾何軌道本質.md,jingfang_concept/01-經方之經的古天文幾何軌道本質.md,en/jingfang_concept/經方之經的古天文幾何軌道本質_英文.md,en/jingfang_concept/01-經方之經的古天文幾何軌道本質_英文.md,經方之經的古天文幾何軌道本質,經方之經的古天文幾何軌道本質,The Ancient Astronomical-Geometric Orbital Essence of the 'Jing' in Classical Formulas,01,01 經方之經的古天文幾何軌道本質,01 The Ancient Astronomical-Geometric Orbital Essence of the 'Jing' in Classical Formulas,1,1,10,10,classical-order,經常規律,foundation,zh,jingfang-001,https://cosmosorder.org/jingfang_concept/01-%E7%B6%93%E6%96%B9%E4%B9%8B%E7%B6%93%E7%9A%84%E5%8F%A4%E5%A4%A9%E6%96%87%E5%B9%BE%E4%BD%95%E8%BB%8C%E9%81%93%E6%9C%AC%E8%B3%AA,/jingfang_concept/01-經方之經的古天文幾何軌道本質,01-經方之經的古天文幾何軌道本質,/en/jingfang_concept/01-經方之經的古天文幾何軌道本質/,preserve,clean-filename-title-complete,Physical filename/title cleaned; public URL preserved by slug; display order follows GuidePosition.
jingfang,經方篇,jingfang_concept,jingfang_concept/十六字食療之秘與物成味定原則.md,jingfang_concept/02-十六字食療之秘與物成味定原則.md,en/jingfang_concept/十六字食療之秘與物成味定原則_英文.md,en/jingfang_concept/02-十六字食療之秘與物成味定原則_英文.md,十六字食療之秘與物成味定原則,十六字食療之秘與物成味定原則,The Secret of the Sixteen-Character Dietary Formula and the Principle That Material Formation Determines Flavor,02,02 十六字食療之秘與物成味定原則,02 The Secret of the Sixteen-Character Dietary Formula and the Principle That Material Formation Determines Flavor,2,2,20,20,five-flavor-language,五味語言,foundation,zh,jingfang-002,https://cosmosorder.org/jingfang_concept/02-%E5%8D%81%E5%85%AD%E5%AD%97%E9%A3%9F%E7%99%82%E4%B9%8B%E7%A7%98%E8%88%87%E7%89%A9%E6%88%90%E5%91%B3%E5%AE%9A%E5%8E%9F%E5%89%87,/jingfang_concept/02-十六字食療之秘與物成味定原則,02-十六字食療之秘與物成味定原則,/en/jingfang_concept/02-十六字食療之秘與物成味定原則/,preserve,clean-filename-title-complete,Physical filename/title cleaned; public URL preserved by slug; display order follows GuidePosition.
jingfang,經方篇,jingfang_concept,jingfang_concept/五味中土空間模型與五入親和性.md,jingfang_concept/03-五味中土空間模型與五入親和性.md,en/jingfang_concept/五味中土空間模型與五入親和性_英文.md,en/jingfang_concept/03-五味中土空間模型與五入親和性_英文.md,五味中土空間模型與五入親和性,五味中土空間模型與五入親和性,The Central-Earth Spatial Model of the Five Flavors and the Affinities of the Five Entrances,03,03 五味中土空間模型與五入親和性,03 The Central-Earth Spatial Model of the Five Flavors and the Affinities of the Five Entrances,3,3,30,30,dual-coordinates,時空雙座標,foundation,zh,jingfang-003,https://cosmosorder.org/jingfang_concept/03-%E4%BA%94%E5%91%B3%E4%B8%AD%E5%9C%9F%E7%A9%BA%E9%96%93%E6%A8%A1%E5%9E%8B%E8%88%87%E4%BA%94%E5%85%A5%E8%A6%AA%E5%92%8C%E6%80%A7,/jingfang_concept/03-五味中土空間模型與五入親和性,03-五味中土空間模型與五入親和性,/en/jingfang_concept/03-五味中土空間模型與五入親和性/,preserve,clean-filename-title-complete,Physical filename/title cleaned; public URL preserved by slug; display order follows GuidePosition.
jingfang,經方篇,jingfang_concept,jingfang_concept/天干配五行之時間雙向調控模型.md,jingfang_concept/04-天干配五行之時間雙向調控模型.md,en/jingfang_concept/天干配五行之時間雙向調控模型_英文.md,en/jingfang_concept/04-天干配五行之時間雙向調控模型_英文.md,天干配五行之時間雙向調控模型,天干配五行之時間雙向調控模型,The Bidirectional Temporal Control Model of the Heavenly Stems and Five Phases,04,04 天干配五行之時間雙向調控模型,04 The Bidirectional Temporal Control Model of the Heavenly Stems and Five Phases,4,4,40,30,dual-coordinates,時空雙座標,foundation,zh,jingfang-004,https://cosmosorder.org/jingfang_concept/04-%E5%A4%A9%E5%B9%B2%E9%85%8D%E4%BA%94%E8%A1%8C%E4%B9%8B%E6%99%82%E9%96%93%E9%9B%99%E5%90%91%E8%AA%BF%E6%8E%A7%E6%A8%A1%E5%9E%8B,/jingfang_concept/04-天干配五行之時間雙向調控模型,04-天干配五行之時間雙向調控模型,/en/jingfang_concept/04-天干配五行之時間雙向調控模型/,preserve,clean-filename-title-complete,Physical filename/title cleaned; public URL preserved by slug; display order follows GuidePosition.
jingfang,經方篇,jingfang_concept,jingfang_concept/空間模型之克位與扶位矩陣向量.md,jingfang_concept/05-空間模型之克位與扶位矩陣向量.md,en/jingfang_concept/空間模型之克位與扶位矩陣向量_英文.md,en/jingfang_concept/05-空間模型之克位與扶位矩陣向量_英文.md,空間模型之克位與扶位矩陣向量,空間模型之克位與扶位矩陣向量,Matrix Vectors of the Overcoming and Supporting Positions in the Spatial Model,05,05 空間模型之克位與扶位矩陣向量,05 Matrix Vectors of the Overcoming and Supporting Positions in the Spatial Model,5,5,50,40,operators,操作算子,advanced,zh,jingfang-005,https://cosmosorder.org/jingfang_concept/05-%E7%A9%BA%E9%96%93%E6%A8%A1%E5%9E%8B%E4%B9%8B%E5%85%8B%E4%BD%8D%E8%88%87%E6%89%B6%E4%BD%8D%E7%9F%A9%E9%99%A3%E5%90%91%E9%87%8F,/jingfang_concept/05-空間模型之克位與扶位矩陣向量,05-空間模型之克位與扶位矩陣向量,/en/jingfang_concept/05-空間模型之克位與扶位矩陣向量/,preserve,clean-filename-title-complete,Physical filename/title cleaned; public URL preserved by slug; display order follows GuidePosition.
jingfang,經方篇,jingfang_concept,jingfang_concept/藏氣法時論天干五行望相衰求死週期.md,jingfang_concept/06-藏氣法時論天干五行望相衰求死週期.md,en/jingfang_concept/藏氣法時論天干五行望相衰求死週期_英文.md,en/jingfang_concept/06-藏氣法時論天干五行望相衰求死週期_英文.md,藏氣法時論天干五行望相衰求死週期,藏氣法時論天干五行望相衰求死週期,The Prosperous–Ministering–Declining–Imprisoned–Dead Cycle of the Heavenly Stems and Five Phases in the Discourse on Zang Qi and the Seasons,06,06 藏氣法時論天干五行望相衰求死週期,06 The Prosperous–Ministering–Declining–Imprisoned–Dead Cycle of the Heavenly Stems and Five Phases in the Discourse on Zang Qi and the Seasons,6,6,60,40,operators,操作算子,advanced,zh,jingfang-006,https://cosmosorder.org/jingfang_concept/06-%E8%97%8F%E6%B0%A3%E6%B3%95%E6%99%82%E8%AB%96%E5%A4%A9%E5%B9%B2%E4%BA%94%E8%A1%8C%E6%9C%9B%E7%9B%B8%E8%A1%B0%E6%B1%82%E6%AD%BB%E9%80%B1%E6%9C%9F,/jingfang_concept/06-藏氣法時論天干五行望相衰求死週期,06-藏氣法時論天干五行望相衰求死週期,/en/jingfang_concept/06-藏氣法時論天干五行望相衰求死週期/,preserve,clean-filename-title-complete,Physical filename/title cleaned; public URL preserved by slug; display order follows GuidePosition.
jingfang,經方篇,jingfang_concept,jingfang_concept/五臟五欲與時間模型補瀉聖化規則.md,jingfang_concept/07-五臟五欲與時間模型補瀉聖化規則.md,en/jingfang_concept/五臟五欲與時間模型補瀉聖化規則_英文.md,en/jingfang_concept/07-五臟五欲與時間模型補瀉聖化規則_英文.md,五臟五欲與時間模型補瀉聖化規則,五臟五欲與時間模型補瀉聖化規則,The Five Desires of the Five Zang and the Temporal Model's Rules of Supplementation and Drainage,07,07 五臟五欲與時間模型補瀉聖化規則,07 The Five Desires of the Five Zang and the Temporal Model's Rules of Supplementation and Drainage,7,7,70,40,operators,操作算子,advanced,zh,jingfang-007,https://cosmosorder.org/jingfang_concept/07-%E4%BA%94%E8%87%9F%E4%BA%94%E6%AC%B2%E8%88%87%E6%99%82%E9%96%93%E6%A8%A1%E5%9E%8B%E8%A3%9C%E7%80%89%E8%81%96%E5%8C%96%E8%A6%8F%E5%89%87,/jingfang_concept/07-五臟五欲與時間模型補瀉聖化規則,07-五臟五欲與時間模型補瀉聖化規則,/en/jingfang_concept/07-五臟五欲與時間模型補瀉聖化規則/,preserve,clean-filename-title-complete,Physical filename/title cleaned; public URL preserved by slug; display order follows GuidePosition.
jingfang,經方篇,jingfang_concept,jingfang_concept/緩急收散之五苦時間干預模型.md,jingfang_concept/08-緩急收散之五苦時間干預模型.md,en/jingfang_concept/緩急收散之五苦時間干預模型_英文.md,en/jingfang_concept/08-緩急收散之五苦時間干預模型_英文.md,緩急收散之五苦時間干預模型,緩急收散之五苦時間干預模型,"The Five-Distress Temporal Intervention Model of Relaxing, Urgency, Gathering, and Dispersing",08,08 緩急收散之五苦時間干預模型,"08 The Five-Distress Temporal Intervention Model of Relaxing, Urgency, Gathering, and Dispersing",8,8,80,40,operators,操作算子,advanced,zh,jingfang-008,https://cosmosorder.org/jingfang_concept/08-%E7%B7%A9%E6%80%A5%E6%94%B6%E6%95%A3%E4%B9%8B%E4%BA%94%E8%8B%A6%E6%99%82%E9%96%93%E5%B9%B2%E9%A0%90%E6%A8%A1%E5%9E%8B,/jingfang_concept/08-緩急收散之五苦時間干預模型,08-緩急收散之五苦時間干預模型,/en/jingfang_concept/08-緩急收散之五苦時間干預模型/,preserve,clean-filename-title-complete,Physical filename/title cleaned; public URL preserved by slug; display order follows GuidePosition.
jingfang,經方篇,jingfang_concept,jingfang_concept/司天與在泉的摩天輪六氣輪轉機制.md,jingfang_concept/09-司天與在泉的摩天輪六氣輪轉機制.md,en/jingfang_concept/司天與在泉的摩天輪六氣輪轉機制_英文.md,en/jingfang_concept/09-司天與在泉的摩天輪六氣輪轉機制_英文.md,司天與在泉的摩天輪六氣輪轉機制,司天與在泉的摩天輪六氣輪轉機制,The Ferris-Wheel Mechanism of Sitian and Zaiquan in the Rotation of the Six Qi,09,09 司天與在泉的摩天輪六氣輪轉機制,09 The Ferris-Wheel Mechanism of Sitian and Zaiquan in the Rotation of the Six Qi,9,9,90,50,six-qi-scenes,六氣場景,advanced,zh,jingfang-009,https://cosmosorder.org/jingfang_concept/09-%E5%8F%B8%E5%A4%A9%E8%88%87%E5%9C%A8%E6%B3%89%E7%9A%84%E6%91%A9%E5%A4%A9%E8%BC%AA%E5%85%AD%E6%B0%A3%E8%BC%AA%E8%BD%89%E6%A9%9F%E5%88%B6,/jingfang_concept/09-司天與在泉的摩天輪六氣輪轉機制,09-司天與在泉的摩天輪六氣輪轉機制,/en/jingfang_concept/09-司天與在泉的摩天輪六氣輪轉機制/,preserve,clean-filename-title-complete,Physical filename/title cleaned; public URL preserved by slug; display order follows GuidePosition.
jingfang,經方篇,jingfang_concept,jingfang_concept/歲運司天輪值之土地物候味道偏向性.md,jingfang_concept/11-歲運司天輪值之土地物候味道偏向性.md,en/jingfang_concept/歲運司天輪值之土地物候味道偏向性_英文.md,en/jingfang_concept/11-歲運司天輪值之土地物候味道偏向性_英文.md,歲運司天輪值之土地物候味道偏向性,歲運司天輪值之土地物候味道偏向性,"Land, Phenology, and Flavor Bias under the Annual Rotation of Sitian",10,10 歲運司天輪值之土地物候味道偏向性,"10 Land, Phenology, and Flavor Bias under the Annual Rotation of Sitian",11,10,100,50,six-qi-scenes,六氣場景,advanced,zh,jingfang-011,https://cosmosorder.org/jingfang_concept/11-%E6%AD%B2%E9%81%8B%E5%8F%B8%E5%A4%A9%E8%BC%AA%E5%80%BC%E4%B9%8B%E5%9C%9F%E5%9C%B0%E7%89%A9%E5%80%99%E5%91%B3%E9%81%93%E5%81%8F%E5%90%91%E6%80%A7,/jingfang_concept/11-歲運司天輪值之土地物候味道偏向性,11-歲運司天輪值之土地物候味道偏向性,/en/jingfang_concept/11-歲運司天輪值之土地物候味道偏向性/,preserve,clean-filename-title-complete,Legacy numbering gap; preserve identity. Physical filename/title cleaned; public URL preserved by slug; display order follows GuidePosition.
jingfang,經方篇,jingfang_concept,jingfang_concept/六氣X七大運動家族.md,jingfang_concept/12-六氣X七大運動家族.md,en/jingfang_concept/六氣X七大運動家族_英文.md,en/jingfang_concept/12-六氣X七大運動家族_英文.md,六氣 X 七大運動家族,六氣 X 七大運動家族,Six Qi × Seven Major Families of Motion,11,11 六氣 X 七大運動家族,11 Six Qi × Seven Major Families of Motion,12,11,110,50,six-qi-scenes,六氣場景,advanced,zh,jingfang-012,https://cosmosorder.org/jingfang_concept/12-%E5%85%AD%E6%B0%A3x%E4%B8%83%E5%A4%A7%E9%81%8B%E5%8B%95%E5%AE%B6%E6%97%8F,/jingfang_concept/12-六氣x七大運動家族,12-六氣x七大運動家族,/en/jingfang_concept/12-六氣x七大運動家族/,preserve,clean-filename-title-complete,Legacy numbering gap; preserve identity. Physical filename/title cleaned; public URL preserved by slug; display order follows GuidePosition.
jingfang,經方篇,jingfang_concept,jingfang_concept/五行位之主與三陰三陽主氣時間先後治法.md,jingfang_concept/20-五行位之主與三陰三陽主氣時間先後治法.md,en/jingfang_concept/五行位之主與三陰三陽主氣時間先後治法_英文.md,en/jingfang_concept/20-五行位之主與三陰三陽主氣時間先後治法_英文.md,五行位之主與三陰三陽主氣時間先後治法,五行位之主與三陰三陽主氣時間先後治法,Treatment of the Five-Phase Host Positions and the Temporal Sequence of the Three Yin and Three Yang Host Qi,12,12 五行位之主與三陰三陽主氣時間先後治法,12 Treatment of the Five-Phase Host Positions and the Temporal Sequence of the Three Yin and Three Yang Host Qi,20,12,120,50,six-qi-scenes,六氣場景,advanced,zh,jingfang-020,https://cosmosorder.org/jingfang_concept/20-%E4%BA%94%E8%A1%8C%E4%BD%8D%E4%B9%8B%E4%B8%BB%E8%88%87%E4%B8%89%E9%99%B0%E4%B8%89%E9%99%BD%E4%B8%BB%E6%B0%A3%E6%99%82%E9%96%93%E5%85%88%E5%BE%8C%E6%B2%BB%E6%B3%95,/jingfang_concept/20-五行位之主與三陰三陽主氣時間先後治法,20-五行位之主與三陰三陽主氣時間先後治法,/en/jingfang_concept/20-五行位之主與三陰三陽主氣時間先後治法/,preserve,clean-filename-title-complete,Legacy numbering gap; preserve identity. Physical filename/title cleaned; public URL preserved by slug; display order follows GuidePosition.
jingfang,經方篇,jingfang_concept,jingfang_concept/司天六氣所勝的治味結構.md,jingfang_concept/13-司天六氣所勝的治味結構.md,en/jingfang_concept/司天六氣所勝的治味結構_英文.md,en/jingfang_concept/13-司天六氣所勝的治味結構_英文.md,司天六氣所勝的治味結構,司天六氣所勝的治味結構,The Therapeutic-Flavor Structure of Six-Qi Victory in the Sitian Position,13,13 司天六氣所勝的治味結構,13 The Therapeutic-Flavor Structure of Six-Qi Victory in the Sitian Position,13,13,130,60,treatment-grammar,治法文法,advanced,zh,jingfang-013,https://cosmosorder.org/jingfang_concept/13-%E5%8F%B8%E5%A4%A9%E5%85%AD%E6%B0%A3%E6%89%80%E5%8B%9D%E7%9A%84%E6%B2%BB%E5%91%B3%E7%B5%90%E6%A7%8B,/jingfang_concept/13-司天六氣所勝的治味結構,13-司天六氣所勝的治味結構,/en/jingfang_concept/13-司天六氣所勝的治味結構/,preserve,clean-filename-title-complete,Legacy numbering gap; preserve identity. Physical filename/title cleaned; public URL preserved by slug; display order follows GuidePosition.
jingfang,經方篇,jingfang_concept,jingfang_concept/在泉六氣淫於內的治法結構.md,jingfang_concept/14-在泉六氣淫於內的治法結構.md,en/jingfang_concept/在泉六氣淫於內的治法結構_英文.md,en/jingfang_concept/14-在泉六氣淫於內的治法結構_英文.md,在泉六氣淫於內的治法結構,在泉六氣淫於內的治法結構,The Treatment Structure of the Six Qi in Zaiquan Excessively Invading the Interior,14,14 在泉六氣淫於內的治法結構,14 The Treatment Structure of the Six Qi in Zaiquan Excessively Invading the Interior,14,14,140,60,treatment-grammar,治法文法,advanced,zh,jingfang-014,https://cosmosorder.org/jingfang_concept/14-%E5%9C%A8%E6%B3%89%E5%85%AD%E6%B0%A3%E6%B7%AB%E6%96%BC%E5%85%A7%E7%9A%84%E6%B2%BB%E6%B3%95%E7%B5%90%E6%A7%8B,/jingfang_concept/14-在泉六氣淫於內的治法結構,14-在泉六氣淫於內的治法結構,/en/jingfang_concept/14-在泉六氣淫於內的治法結構/,preserve,clean-filename-title-complete,Legacy numbering gap; preserve identity. Physical filename/title cleaned; public URL preserved by slug; display order follows GuidePosition.
jingfang,經方篇,jingfang_concept,jingfang_concept/邪氣反勝於地的治法結構.md,jingfang_concept/15-邪氣反勝於地的治法結構.md,en/jingfang_concept/邪氣反勝於地的治法結構_英文.md,en/jingfang_concept/15-邪氣反勝於地的治法結構_英文.md,邪氣反勝於地的治法結構,邪氣反勝於地的治法結構,The Treatment Structure of Pathogenic Qi Counter-Victory on Earth,15,15 邪氣反勝於地的治法結構,15 The Treatment Structure of Pathogenic Qi Counter-Victory on Earth,15,15,150,60,treatment-grammar,治法文法,advanced,zh,jingfang-015,https://cosmosorder.org/jingfang_concept/15-%E9%82%AA%E6%B0%A3%E5%8F%8D%E5%8B%9D%E6%96%BC%E5%9C%B0%E7%9A%84%E6%B2%BB%E6%B3%95%E7%B5%90%E6%A7%8B,/jingfang_concept/15-邪氣反勝於地的治法結構,15-邪氣反勝於地的治法結構,/en/jingfang_concept/15-邪氣反勝於地的治法結構/,preserve,clean-filename-title-complete,Legacy numbering gap; preserve identity. Physical filename/title cleaned; public URL preserved by slug; display order follows GuidePosition.
jingfang,經方篇,jingfang_concept,jingfang_concept/司天邪勝的治法結構.md,jingfang_concept/16-司天邪勝的治法結構.md,en/jingfang_concept/司天邪勝的治法結構_英文.md,en/jingfang_concept/16-司天邪勝的治法結構_英文.md,司天邪勝的治法結構,司天邪勝的治法結構,The Treatment Structure of Pathogenic Victory over Sitian,16,16 司天邪勝的治法結構,16 The Treatment Structure of Pathogenic Victory over Sitian,16,16,160,60,treatment-grammar,治法文法,advanced,zh,jingfang-016,https://cosmosorder.org/jingfang_concept/16-%E5%8F%B8%E5%A4%A9%E9%82%AA%E5%8B%9D%E7%9A%84%E6%B2%BB%E6%B3%95%E7%B5%90%E6%A7%8B,/jingfang_concept/16-司天邪勝的治法結構,16-司天邪勝的治法結構,/en/jingfang_concept/16-司天邪勝的治法結構/,preserve,clean-filename-title-complete,Legacy numbering gap; preserve identity. Physical filename/title cleaned; public URL preserved by slug; display order follows GuidePosition.
jingfang,經方篇,jingfang_concept,jingfang_concept/六氣之勝的治法結構.md,jingfang_concept/17-六氣之勝的治法結構.md,en/jingfang_concept/六氣之勝的治法結構_英文.md,en/jingfang_concept/17-六氣之勝的治法結構_英文.md,六氣之勝的治法結構,六氣之勝的治法結構,The Treatment Structure of the Victory of the Six Qi,17,17 六氣之勝的治法結構,17 The Treatment Structure of the Victory of the Six Qi,17,17,170,60,treatment-grammar,治法文法,advanced,zh,jingfang-017,https://cosmosorder.org/jingfang_concept/17-%E5%85%AD%E6%B0%A3%E4%B9%8B%E5%8B%9D%E7%9A%84%E6%B2%BB%E6%B3%95%E7%B5%90%E6%A7%8B,/jingfang_concept/17-六氣之勝的治法結構,17-六氣之勝的治法結構,/en/jingfang_concept/17-六氣之勝的治法結構/,preserve,clean-filename-title-complete,Legacy numbering gap; preserve identity. Physical filename/title cleaned; public URL preserved by slug; display order follows GuidePosition.
jingfang,經方篇,jingfang_concept,jingfang_concept/六氣之復的治法結構.md,jingfang_concept/18-六氣之復的治法結構.md,en/jingfang_concept/六氣之復的治法結構_英文.md,en/jingfang_concept/18-六氣之復的治法結構_英文.md,六氣之復的治法結構,六氣之復的治法結構,The Treatment Structure of the Restoration of the Six Qi,18,18 六氣之復的治法結構,18 The Treatment Structure of the Restoration of the Six Qi,18,18,180,60,treatment-grammar,治法文法,advanced,zh,jingfang-018,https://cosmosorder.org/jingfang_concept/18-%E5%85%AD%E6%B0%A3%E4%B9%8B%E5%BE%A9%E7%9A%84%E6%B2%BB%E6%B3%95%E7%B5%90%E6%A7%8B,/jingfang_concept/18-六氣之復的治法結構,18-六氣之復的治法結構,/en/jingfang_concept/18-六氣之復的治法結構/,preserve,clean-filename-title-complete,Legacy numbering gap; preserve identity. Physical filename/title cleaned; public URL preserved by slug; display order follows GuidePosition.
jingfang,經方篇,jingfang_concept,jingfang_concept/六氣之客的治法結構.md,jingfang_concept/19-六氣之客的治法結構.md,en/jingfang_concept/六氣之客的治法結構_英文.md,en/jingfang_concept/19-六氣之客的治法結構_英文.md,六氣之客的治法結構,六氣之客的治法結構,The Treatment Structure of the Six Qi as Guest Qi,19,19 六氣之客的治法結構,19 The Treatment Structure of the Six Qi as Guest Qi,19,19,190,60,treatment-grammar,治法文法,advanced,zh,jingfang-019,https://cosmosorder.org/jingfang_concept/19-%E5%85%AD%E6%B0%A3%E4%B9%8B%E5%AE%A2%E7%9A%84%E6%B2%BB%E6%B3%95%E7%B5%90%E6%A7%8B,/jingfang_concept/19-六氣之客的治法結構,19-六氣之客的治法結構,/en/jingfang_concept/19-六氣之客的治法結構/,preserve,clean-filename-title-complete,Legacy numbering gap; preserve identity. Physical filename/title cleaned; public URL preserved by slug; display order follows GuidePosition.
jingfang,經方篇,jingfang_concept,jingfang_concept/客氣值日補瀉與辛酸化甘口訣源頭.md,jingfang_concept/21-客氣值日補瀉與辛酸化甘口訣源頭.md,en/jingfang_concept/客氣值日補瀉與辛酸化甘口訣源頭_英文.md,en/jingfang_concept/21-客氣值日補瀉與辛酸化甘口訣源頭_英文.md,客氣值日補瀉與辛酸化甘口訣源頭,客氣值日補瀉與辛酸化甘口訣源頭,"Guest-Qi Day Governance, Supplementation and Drainage, and the Source of the 'Pungent + Sour Transform into Sweet' Formula",20,20 客氣值日補瀉與辛酸化甘口訣源頭,"20 Guest-Qi Day Governance, Supplementation and Drainage, and the Source of the 'Pungent + Sour Transform into Sweet' Formula",21,20,200,60,treatment-grammar,治法文法,advanced,zh,jingfang-021,https://cosmosorder.org/jingfang_concept/21-%E5%AE%A2%E6%B0%A3%E5%80%BC%E6%97%A5%E8%A3%9C%E7%80%89%E8%88%87%E8%BE%9B%E9%85%B8%E5%8C%96%E7%94%98%E5%8F%A3%E8%A8%A3%E6%BA%90%E9%A0%AD,/jingfang_concept/21-客氣值日補瀉與辛酸化甘口訣源頭,21-客氣值日補瀉與辛酸化甘口訣源頭,/en/jingfang_concept/21-客氣值日補瀉與辛酸化甘口訣源頭/,preserve,clean-filename-title-complete,Legacy numbering gap; preserve identity. Physical filename/title cleaned; public URL preserved by slug; display order follows GuidePosition.
jingfang,經方篇,jingfang_concept,jingfang_concept/《六元正紀大論》六十甲子食療生數成數模型導論與核心定義.md,jingfang_concept/22-《六元正紀大論》六十甲子食療生數成數模型導論與核心定義.md,en/jingfang_concept/《六元正紀大論》六十甲子食療生數成數模型導論與核心定義_英文.md,en/jingfang_concept/22-《六元正紀大論》六十甲子食療生數成數模型導論與核心定義_英文.md,《六元正紀大論》六十甲子食療生數成數模型導論與核心定義,《六元正紀大論》六十甲子食療生數成數模型導論與核心定義,Introduction to the Sixty-Jiazi Dietary-Therapy Model of Generating and Completing Numbers in the Great Discourse on the Regular Order of the Six Origins,21,21 《六元正紀大論》六十甲子食療生數成數模型導論與核心定義,21 Introduction to the Sixty-Jiazi Dietary-Therapy Model of Generating and Completing Numbers in the Great Discourse on the Regular Order of the Six Origins,22,21,210,70,long-cycle,長週期,research,zh,jingfang-022,https://cosmosorder.org/jingfang_concept/22-%E5%85%AD%E5%85%83%E6%AD%A3%E7%B4%80%E5%A4%A7%E8%AB%96%E5%85%AD%E5%8D%81%E7%94%B2%E5%AD%90%E9%A3%9F%E7%99%82%E7%94%9F%E6%95%B8%E6%88%90%E6%95%B8%E6%A8%A1%E5%9E%8B%E5%B0%8E%E8%AB%96%E8%88%87%E6%A0%B8%E5%BF%83%E5%AE%9A%E7%BE%A9,/jingfang_concept/22-六元正紀大論六十甲子食療生數成數模型導論與核心定義,22-六元正紀大論六十甲子食療生數成數模型導論與核心定義,/en/jingfang_concept/22-六元正紀大論六十甲子食療生數成數模型導論與核心定義/,preserve,clean-filename-title-complete,Legacy numbering gap; preserve identity. Physical filename/title cleaned; public URL preserved by slug; display order follows GuidePosition.
jingfang,經方篇,jingfang_concept,jingfang_concept/2天之氣與地之氣的時空模型選用總綱.md,jingfang_concept/23-2天之氣與地之氣的時空模型選用總綱.md,en/jingfang_concept/2天之氣與地之氣的時空模型選用總綱_英文.md,en/jingfang_concept/23-2天之氣與地之氣的時空模型選用總綱_英文.md,天之氣與地之氣的時空模型選用總綱,天之氣與地之氣的時空模型選用總綱,General Rule for Choosing the Spacetime Model of Heavenly Qi and Earthly Qi,22,22 天之氣與地之氣的時空模型選用總綱,22 General Rule for Choosing the Spacetime Model of Heavenly Qi and Earthly Qi,23,22,220,80,model-selection,模型選擇,research,zh,jingfang-023,https://cosmosorder.org/jingfang_concept/23-2%E5%A4%A9%E4%B9%8B%E6%B0%A3%E8%88%87%E5%9C%B0%E4%B9%8B%E6%B0%A3%E7%9A%84%E6%99%82%E7%A9%BA%E6%A8%A1%E5%9E%8B%E9%81%B8%E7%94%A8%E7%B8%BD%E7%B6%B1,/jingfang_concept/23-2天之氣與地之氣的時空模型選用總綱,23-2天之氣與地之氣的時空模型選用總綱,/en/jingfang_concept/23-2天之氣與地之氣的時空模型選用總綱/,preserve,clean-filename-title-complete,Legacy numbering gap; preserve identity. Physical filename/title cleaned; public URL preserved by slug; display order follows GuidePosition.
materia-medica,藥物篇,drug_concept,drug_concept/本草漁網與正本清源.md,drug_concept/01-本草漁網與正本清源.md,en/drug_concept/本草漁網與正本清源_英文.md,en/drug_concept/01-本草漁網與正本清源_英文.md,本草漁網與正本清源,本草漁網與正本清源,The Herbal-Medicine Fishing Net and Returning to the Source,01,01 本草漁網與正本清源,01 The Herbal-Medicine Fishing Net and Returning to the Source,1,1,10,10,problem-reconstruction,問題重建,foundation,zh,materia-medica-001,https://cosmosorder.org/drug_concept/01-%E6%9C%AC%E8%8D%89%E6%BC%81%E7%B6%B2%E8%88%87%E6%AD%A3%E6%9C%AC%E6%B8%85%E6%BA%90,/drug_concept/01-本草漁網與正本清源,01-本草漁網與正本清源,/en/drug_concept/01-本草漁網與正本清源/,preserve,clean-filename-title-complete,Physical filename/title cleaned; public URL preserved by slug; display order follows GuidePosition.
materia-medica,藥物篇,drug_concept,drug_concept/本草求真的三維符號化收斂.md,drug_concept/02-本草求真的三維符號化收斂.md,en/drug_concept/本草求真的三維符號化收斂_英文.md,en/drug_concept/02-本草求真的三維符號化收斂_英文.md,本草求真的三維符號化收斂,本草求真的三維符號化收斂,Three-Dimensional Symbolic Convergence in Bencao Qiuzhen,02,02 本草求真的三維符號化收斂,02 Three-Dimensional Symbolic Convergence in Bencao Qiuzhen,2,2,20,10,problem-reconstruction,問題重建,foundation,zh,materia-medica-002,https://cosmosorder.org/drug_concept/02-%E6%9C%AC%E8%8D%89%E6%B1%82%E7%9C%9F%E7%9A%84%E4%B8%89%E7%B6%AD%E7%AC%A6%E8%99%9F%E5%8C%96%E6%94%B6%E6%96%82,/drug_concept/02-本草求真的三維符號化收斂,02-本草求真的三維符號化收斂,/en/drug_concept/02-本草求真的三維符號化收斂/,preserve,clean-filename-title-complete,Physical filename/title cleaned; public URL preserved by slug; display order follows GuidePosition.
materia-medica,藥物篇,drug_concept,drug_concept/臟腑辨證興起與三陰三陽退隱.md,drug_concept/03-臟腑辨證興起與三陰三陽退隱.md,en/drug_concept/臟腑辨證興起與三陰三陽退隱_英文.md,en/drug_concept/03-臟腑辨證興起與三陰三陽退隱_英文.md,臟腑辨證興起與三陰三陽退隱,臟腑辨證興起與三陰三陽退隱,The Rise of Zang-Fu Pattern Differentiation and the Retreat of the Three Yin and Three Yang,03,03 臟腑辨證興起與三陰三陽退隱,03 The Rise of Zang-Fu Pattern Differentiation and the Retreat of the Three Yin and Three Yang,3,3,30,10,problem-reconstruction,問題重建,foundation,zh,materia-medica-003,https://cosmosorder.org/drug_concept/03-%E8%87%9F%E8%85%91%E8%BE%A8%E8%AD%89%E8%88%88%E8%B5%B7%E8%88%87%E4%B8%89%E9%99%B0%E4%B8%89%E9%99%BD%E9%80%80%E9%9A%B1,/drug_concept/03-臟腑辨證興起與三陰三陽退隱,03-臟腑辨證興起與三陰三陽退隱,/en/drug_concept/03-臟腑辨證興起與三陰三陽退隱/,preserve,clean-filename-title-complete,Physical filename/title cleaned; public URL preserved by slug; display order follows GuidePosition.
materia-medica,藥物篇,drug_concept,drug_concept/六淫痰積氣血與標本主次.md,drug_concept/04-六淫痰積氣血與標本主次.md,en/drug_concept/六淫痰積氣血與標本主次_英文.md,en/drug_concept/04-六淫痰積氣血與標本主次_英文.md,六淫痰積氣血與標本主次,六淫痰積氣血與標本主次,"The Six Excesses, Phlegm, Accumulation, Qi and Blood, and the Priority of Root and Branch",04,04 六淫痰積氣血與標本主次,"04 The Six Excesses, Phlegm, Accumulation, Qi and Blood, and the Priority of Root and Branch",4,4,40,10,problem-reconstruction,問題重建,foundation,zh,materia-medica-004,https://cosmosorder.org/drug_concept/04-%E5%85%AD%E6%B7%AB%E7%97%B0%E7%A9%8D%E6%B0%A3%E8%A1%80%E8%88%87%E6%A8%99%E6%9C%AC%E4%B8%BB%E6%AC%A1,/drug_concept/04-六淫痰積氣血與標本主次,04-六淫痰積氣血與標本主次,/en/drug_concept/04-六淫痰積氣血與標本主次/,preserve,clean-filename-title-complete,Physical filename/title cleaned; public URL preserved by slug; display order follows GuidePosition.
materia-medica,藥物篇,drug_concept,drug_concept/多標籤藥物與選方困境.md,drug_concept/05-多標籤藥物與選方困境.md,en/drug_concept/多標籤藥物與選方困境_英文.md,en/drug_concept/05-多標籤藥物與選方困境_英文.md,多標籤藥物與選方困境,多標籤藥物與選方困境,Multi-Label Medicines and the Dilemma of Formula Selection,05,05 多標籤藥物與選方困境,05 Multi-Label Medicines and the Dilemma of Formula Selection,5,5,50,10,problem-reconstruction,問題重建,foundation,zh,materia-medica-005,https://cosmosorder.org/drug_concept/05-%E5%A4%9A%E6%A8%99%E7%B1%A4%E8%97%A5%E7%89%A9%E8%88%87%E9%81%B8%E6%96%B9%E5%9B%B0%E5%A2%83,/drug_concept/05-多標籤藥物與選方困境,05-多標籤藥物與選方困境,/en/drug_concept/05-多標籤藥物與選方困境/,preserve,clean-filename-title-complete,Physical filename/title cleaned; public URL preserved by slug; display order follows GuidePosition.
materia-medica,藥物篇,drug_concept,drug_concept/症狀專病辨證的捷徑與限制.md,drug_concept/09-症狀專病辨證的捷徑與限制.md,en/drug_concept/症狀專病辨證的捷徑與限制_英文.md,en/drug_concept/09-症狀專病辨證的捷徑與限制_英文.md,症狀專病辨證的捷徑與限制,症狀專病辨證的捷徑與限制,The Shortcut and Limits of Symptom- and Disease-Specific Pattern Differentiation,06,06 症狀專病辨證的捷徑與限制,06 The Shortcut and Limits of Symptom- and Disease-Specific Pattern Differentiation,9,6,60,10,problem-reconstruction,問題重建,foundation,zh,materia-medica-009,https://cosmosorder.org/drug_concept/09-%E7%97%87%E7%8B%80%E5%B0%88%E7%97%85%E8%BE%A8%E8%AD%89%E7%9A%84%E6%8D%B7%E5%BE%91%E8%88%87%E9%99%90%E5%88%B6,/drug_concept/09-症狀專病辨證的捷徑與限制,09-症狀專病辨證的捷徑與限制,/en/drug_concept/09-症狀專病辨證的捷徑與限制/,preserve,clean-filename-title-complete,Physical filename/title cleaned; public URL preserved by slug; display order follows GuidePosition.
materia-medica,藥物篇,drug_concept,drug_concept/神農本草經破解總綱.md,drug_concept/12-神農本草經破解總綱.md,en/drug_concept/神農本草經破解總綱_英文.md,en/drug_concept/12-神農本草經破解總綱_英文.md,神農本草經破解總綱,神農本草經破解總綱,General Framework for Decoding the Shennong Bencao Jing,07,07 神農本草經破解總綱,07 General Framework for Decoding the Shennong Bencao Jing,12,7,70,20,drug-ontology,藥物本體,foundation,zh,materia-medica-012,https://cosmosorder.org/drug_concept/12-%E7%A5%9E%E8%BE%B2%E6%9C%AC%E8%8D%89%E7%B6%93%E7%A0%B4%E8%A7%A3%E7%B8%BD%E7%B6%B1,/drug_concept/12-神農本草經破解總綱,12-神農本草經破解總綱,/en/drug_concept/12-神農本草經破解總綱/,preserve,clean-filename-title-complete,Physical filename/title cleaned; public URL preserved by slug; display order follows GuidePosition.
materia-medica,藥物篇,drug_concept,drug_concept/藥名之象與命名推理.md,drug_concept/13-藥名之象與命名推理.md,en/drug_concept/藥名之象與命名推理_英文.md,en/drug_concept/13-藥名之象與命名推理_英文.md,藥名之象與命名推理,藥名之象與命名推理,The Image within Drug Names and Reasoning from Nomenclature,08,08 藥名之象與命名推理,08 The Image within Drug Names and Reasoning from Nomenclature,13,8,80,20,drug-ontology,藥物本體,foundation,zh,materia-medica-013,https://cosmosorder.org/drug_concept/13-%E8%97%A5%E5%90%8D%E4%B9%8B%E8%B1%A1%E8%88%87%E5%91%BD%E5%90%8D%E6%8E%A8%E7%90%86,/drug_concept/13-藥名之象與命名推理,13-藥名之象與命名推理,/en/drug_concept/13-藥名之象與命名推理/,preserve,clean-filename-title-complete,Physical filename/title cleaned; public URL preserved by slug; display order follows GuidePosition.
materia-medica,藥物篇,drug_concept,drug_concept/五氣五味與性味定位.md,drug_concept/14-五氣五味與性味定位.md,en/drug_concept/五氣五味與性味定位_英文.md,en/drug_concept/14-五氣五味與性味定位_英文.md,五氣五味與性味定位,五氣五味與性味定位,"The Five Qi, Five Flavors, and Locating Medicinal Nature and Flavor",09,09 五氣五味與性味定位,"09 The Five Qi, Five Flavors, and Locating Medicinal Nature and Flavor",14,9,90,20,drug-ontology,藥物本體,foundation,zh,materia-medica-014,https://cosmosorder.org/drug_concept/14-%E4%BA%94%E6%B0%A3%E4%BA%94%E5%91%B3%E8%88%87%E6%80%A7%E5%91%B3%E5%AE%9A%E4%BD%8D,/drug_concept/14-五氣五味與性味定位,14-五氣五味與性味定位,/en/drug_concept/14-五氣五味與性味定位/,preserve,clean-filename-title-complete,Physical filename/title cleaned; public URL preserved by slug; display order follows GuidePosition.
materia-medica,藥物篇,drug_concept,drug_concept/形體之體與以形治形.md,drug_concept/15-形體之體與以形治形.md,en/drug_concept/形體之體與以形治形_英文.md,en/drug_concept/15-形體之體與以形治形_英文.md,形體之體與以形治形,形體之體與以形治形,Bodily Form and Treating Form through Form,10,10 形體之體與以形治形,10 Bodily Form and Treating Form through Form,15,10,100,20,drug-ontology,藥物本體,foundation,zh,materia-medica-015,https://cosmosorder.org/drug_concept/15-%E5%BD%A2%E9%AB%94%E4%B9%8B%E9%AB%94%E8%88%87%E4%BB%A5%E5%BD%A2%E6%B2%BB%E5%BD%A2,/drug_concept/15-形體之體與以形治形,15-形體之體與以形治形,/en/drug_concept/15-形體之體與以形治形/,preserve,clean-filename-title-complete,Physical filename/title cleaned; public URL preserved by slug; display order follows GuidePosition.
materia-medica,藥物篇,drug_concept,drug_concept/升降浮沉與春夏秋冬.md,drug_concept/16-升降浮沉與春夏秋冬.md,en/drug_concept/升降浮沉與春夏秋冬_英文.md,en/drug_concept/16-升降浮沉與春夏秋冬_英文.md,升降浮沉與春夏秋冬,升降浮沉與春夏秋冬,"Ascent, Descent, Floating, Sinking, and the Four Seasons",11,11 升降浮沉與春夏秋冬,"11 Ascent, Descent, Floating, Sinking, and the Four Seasons",16,11,110,20,drug-ontology,藥物本體,foundation,zh,materia-medica-016,https://cosmosorder.org/drug_concept/16-%E5%8D%87%E9%99%8D%E6%B5%AE%E6%B2%89%E8%88%87%E6%98%A5%E5%A4%8F%E7%A7%8B%E5%86%AC,/drug_concept/16-升降浮沉與春夏秋冬,16-升降浮沉與春夏秋冬,/en/drug_concept/16-升降浮沉與春夏秋冬/,preserve,clean-filename-title-complete,Physical filename/title cleaned; public URL preserved by slug; display order follows GuidePosition.
materia-medica,藥物篇,drug_concept,drug_concept/清濁密度與起效速度.md,drug_concept/17-清濁密度與起效速度.md,en/drug_concept/清濁密度與起效速度_英文.md,en/drug_concept/17-清濁密度與起效速度_英文.md,清濁密度與起效速度,清濁密度與起效速度,"Clarity, Turbidity, Density, and Speed of Onset",12,12 清濁密度與起效速度,"12 Clarity, Turbidity, Density, and Speed of Onset",17,12,120,20,drug-ontology,藥物本體,foundation,zh,materia-medica-017,https://cosmosorder.org/drug_concept/17-%E6%B8%85%E6%BF%81%E5%AF%86%E5%BA%A6%E8%88%87%E8%B5%B7%E6%95%88%E9%80%9F%E5%BA%A6,/drug_concept/17-清濁密度與起效速度,17-清濁密度與起效速度,/en/drug_concept/17-清濁密度與起效速度/,preserve,clean-filename-title-complete,Physical filename/title cleaned; public URL preserved by slug; display order follows GuidePosition.
materia-medica,藥物篇,drug_concept,drug_concept/採收時節與天地禀賦.md,drug_concept/18-採收時節與天地禀賦.md,en/drug_concept/採收時節與天地禀賦_英文.md,en/drug_concept/18-採收時節與天地禀賦_英文.md,採收時節與天地禀賦,採收時節與天地禀賦,Harvest Season and the Endowment of Heaven and Earth,13,13 採收時節與天地禀賦,13 Harvest Season and the Endowment of Heaven and Earth,18,13,130,20,drug-ontology,藥物本體,foundation,zh,materia-medica-018,https://cosmosorder.org/drug_concept/18-%E6%8E%A1%E6%94%B6%E6%99%82%E7%AF%80%E8%88%87%E5%A4%A9%E5%9C%B0%E7%A6%80%E8%B3%A6,/drug_concept/18-採收時節與天地禀賦,18-採收時節與天地禀賦,/en/drug_concept/18-採收時節與天地禀賦/,preserve,clean-filename-title-complete,Physical filename/title cleaned; public URL preserved by slug; display order follows GuidePosition.
materia-medica,藥物篇,drug_concept,drug_concept/徐靈胎因果箭頭解讀法.md,drug_concept/19-徐靈胎因果箭頭解讀法.md,en/drug_concept/徐靈胎因果箭頭解讀法_英文.md,en/drug_concept/19-徐靈胎因果箭頭解讀法_英文.md,徐靈胎因果箭頭解讀法,徐靈胎因果箭頭解讀法,Xu Lingtai's Method of Reading Causal Arrows,14,14 徐靈胎因果箭頭解讀法,14 Xu Lingtai's Method of Reading Causal Arrows,19,14,140,30,causal-extraction,因果提取,advanced,zh,materia-medica-019,https://cosmosorder.org/drug_concept/19-%E5%BE%90%E9%9D%88%E8%83%8E%E5%9B%A0%E6%9E%9C%E7%AE%AD%E9%A0%AD%E8%A7%A3%E8%AE%80%E6%B3%95,/drug_concept/19-徐靈胎因果箭頭解讀法,19-徐靈胎因果箭頭解讀法,/en/drug_concept/19-徐靈胎因果箭頭解讀法/,preserve,clean-filename-title-complete,Physical filename/title cleaned; public URL preserved by slug; display order follows GuidePosition.
materia-medica,藥物篇,drug_concept,drug_concept/內經病症規則庫與以經解經.md,drug_concept/21-內經病症規則庫與以經解經.md,en/drug_concept/內經病症規則庫與以經解經_英文.md,en/drug_concept/21-內經病症規則庫與以經解經_英文.md,內經病症規則庫與以經解經,內經病症規則庫與以經解經,An Inner Canon Symptom Rule Base and Explaining One Classic through Another,15,15 內經病症規則庫與以經解經,15 An Inner Canon Symptom Rule Base and Explaining One Classic through Another,21,15,150,30,causal-extraction,因果提取,advanced,zh,materia-medica-021,https://cosmosorder.org/drug_concept/21-%E5%85%A7%E7%B6%93%E7%97%85%E7%97%87%E8%A6%8F%E5%89%87%E5%BA%AB%E8%88%87%E4%BB%A5%E7%B6%93%E8%A7%A3%E7%B6%93,/drug_concept/21-內經病症規則庫與以經解經,21-內經病症規則庫與以經解經,/en/drug_concept/21-內經病症規則庫與以經解經/,preserve,clean-filename-title-complete,Physical filename/title cleaned; public URL preserved by slug; display order follows GuidePosition.
materia-medica,藥物篇,drug_concept,drug_concept/AI輔助古籍因果提取法.md,drug_concept/06-AI輔助古籍因果提取法.md,en/drug_concept/AI輔助古籍因果提取法_英文.md,en/drug_concept/06-AI輔助古籍因果提取法_英文.md,AI輔助古籍因果提取法,AI輔助古籍因果提取法,AI-Assisted Extraction of Causal Reasoning from Ancient Texts,16,16 AI輔助古籍因果提取法,16 AI-Assisted Extraction of Causal Reasoning from Ancient Texts,6,16,160,30,causal-extraction,因果提取,advanced,zh,materia-medica-006,https://cosmosorder.org/drug_concept/06-ai%E8%BC%94%E5%8A%A9%E5%8F%A4%E7%B1%8D%E5%9B%A0%E6%9E%9C%E6%8F%90%E5%8F%96%E6%B3%95,/drug_concept/06-ai輔助古籍因果提取法,06-ai輔助古籍因果提取法,/en/drug_concept/06-ai輔助古籍因果提取法/,preserve,clean-filename-title-complete,Physical filename/title cleaned; public URL preserved by slug; display order follows GuidePosition.
materia-medica,藥物篇,drug_concept,drug_concept/本草綱領的分類框架驗證.md,drug_concept/20-本草綱領的分類框架驗證.md,en/drug_concept/本草綱領的分類框架驗證_英文.md,en/drug_concept/20-本草綱領的分類框架驗證_英文.md,本草綱領的分類框架驗證,本草綱領的分類框架驗證,Validating a Classification Framework for the Principles of Materia Medica,17,17 本草綱領的分類框架驗證,17 Validating a Classification Framework for the Principles of Materia Medica,20,17,170,30,causal-extraction,因果提取,advanced,zh,materia-medica-020,https://cosmosorder.org/drug_concept/20-%E6%9C%AC%E8%8D%89%E7%B6%B1%E9%A0%98%E7%9A%84%E5%88%86%E9%A1%9E%E6%A1%86%E6%9E%B6%E9%A9%97%E8%AD%89,/drug_concept/20-本草綱領的分類框架驗證,20-本草綱領的分類框架驗證,/en/drug_concept/20-本草綱領的分類框架驗證/,preserve,clean-filename-title-complete,Physical filename/title cleaned; public URL preserved by slug; display order follows GuidePosition.
materia-medica,藥物篇,drug_concept,drug_concept/張志聰本草崇原與禀賦提煉.md,drug_concept/22-張志聰本草崇原與禀賦提煉.md,en/drug_concept/張志聰本草崇原與禀賦提煉_英文.md,en/drug_concept/22-張志聰本草崇原與禀賦提煉_英文.md,張志聰本草崇原與禀賦提煉,張志聰本草崇原與禀賦提煉,Zhang Zhicong's Bencao Chongyuan and Extracting Innate Endowment,18,18 張志聰本草崇原與禀賦提煉,18 Zhang Zhicong's Bencao Chongyuan and Extracting Innate Endowment,22,18,180,30,causal-extraction,因果提取,advanced,zh,materia-medica-022,https://cosmosorder.org/drug_concept/22-%E5%BC%B5%E5%BF%97%E8%81%B0%E6%9C%AC%E8%8D%89%E5%B4%87%E5%8E%9F%E8%88%87%E7%A6%80%E8%B3%A6%E6%8F%90%E7%85%89,/drug_concept/22-張志聰本草崇原與禀賦提煉,22-張志聰本草崇原與禀賦提煉,/en/drug_concept/22-張志聰本草崇原與禀賦提煉/,preserve,clean-filename-title-complete,Physical filename/title cleaned; public URL preserved by slug; display order follows GuidePosition.
materia-medica,藥物篇,drug_concept,drug_concept/白朮補益脾土與標本分層.md,drug_concept/23-白朮補益脾土與標本分層.md,en/drug_concept/白朮補益脾土與標本分層_英文.md,en/drug_concept/23-白朮補益脾土與標本分層_英文.md,白朮補益脾土與標本分層,白朮補益脾土與標本分層,Atractylodes: Supplementing Spleen-Earth and Layering Root and Branch,19,19 白朮補益脾土與標本分層,19 Atractylodes: Supplementing Spleen-Earth and Layering Root and Branch,23,19,190,40,single-drug-validation,單藥驗證,advanced,zh,materia-medica-023,https://cosmosorder.org/drug_concept/23-%E7%99%BD%E6%9C%AE%E8%A3%9C%E7%9B%8A%E8%84%BE%E5%9C%9F%E8%88%87%E6%A8%99%E6%9C%AC%E5%88%86%E5%B1%A4,/drug_concept/23-白朮補益脾土與標本分層,23-白朮補益脾土與標本分層,/en/drug_concept/23-白朮補益脾土與標本分層/,preserve,clean-filename-title-complete,Physical filename/title cleaned; public URL preserved by slug; display order follows GuidePosition.
materia-medica,藥物篇,drug_concept,drug_concept/甘草五臟六腑與不偏之性.md,drug_concept/24-甘草五臟六腑與不偏之性.md,en/drug_concept/甘草五臟六腑與不偏之性_英文.md,en/drug_concept/24-甘草五臟六腑與不偏之性_英文.md,甘草五臟六腑與不偏之性,甘草五臟六腑與不偏之性,Licorice: The Five Zang and Six Fu and Its Relatively Unbiased Nature,20,20 甘草五臟六腑與不偏之性,20 Licorice: The Five Zang and Six Fu and Its Relatively Unbiased Nature,24,20,200,40,single-drug-validation,單藥驗證,advanced,zh,materia-medica-024,https://cosmosorder.org/drug_concept/24-%E7%94%98%E8%8D%89%E4%BA%94%E8%87%9F%E5%85%AD%E8%85%91%E8%88%87%E4%B8%8D%E5%81%8F%E4%B9%8B%E6%80%A7,/drug_concept/24-甘草五臟六腑與不偏之性,24-甘草五臟六腑與不偏之性,/en/drug_concept/24-甘草五臟六腑與不偏之性/,preserve,clean-filename-title-complete,Physical filename/title cleaned; public URL preserved by slug; display order follows GuidePosition.
materia-medica,藥物篇,drug_concept,drug_concept/桂枝枝形通道與上下氣交通.md,drug_concept/25-桂枝枝形通道與上下氣交通.md,en/drug_concept/桂枝枝形通道與上下氣交通_英文.md,en/drug_concept/25-桂枝枝形通道與上下氣交通_英文.md,桂枝枝形通道與上下氣交通,桂枝枝形通道與上下氣交通,Cinnamon Twig: Branch Morphology as a Channel for Communication of Qi Above and Below,21,21 桂枝枝形通道與上下氣交通,21 Cinnamon Twig: Branch Morphology as a Channel for Communication of Qi Above and Below,25,21,210,40,single-drug-validation,單藥驗證,advanced,zh,materia-medica-025,https://cosmosorder.org/drug_concept/25-%E6%A1%82%E6%9E%9D%E6%9E%9D%E5%BD%A2%E9%80%9A%E9%81%93%E8%88%87%E4%B8%8A%E4%B8%8B%E6%B0%A3%E4%BA%A4%E9%80%9A,/drug_concept/25-桂枝枝形通道與上下氣交通,25-桂枝枝形通道與上下氣交通,/en/drug_concept/25-桂枝枝形通道與上下氣交通/,preserve,clean-filename-title-complete,Physical filename/title cleaned; public URL preserved by slug; display order follows GuidePosition.
materia-medica,藥物篇,drug_concept,drug_concept/黃芩陽明太陰與清熱範圍.md,drug_concept/26-黃芩陽明太陰與清熱範圍.md,en/drug_concept/黃芩陽明太陰與清熱範圍_英文.md,en/drug_concept/26-黃芩陽明太陰與清熱範圍_英文.md,黃芩陽明太陰與清熱範圍,黃芩陽明太陰與清熱範圍,"Scutellaria: Yangming, Taiyin, and the Scope of Heat Clearing",22,22 黃芩陽明太陰與清熱範圍,"22 Scutellaria: Yangming, Taiyin, and the Scope of Heat Clearing",26,22,220,40,single-drug-validation,單藥驗證,advanced,zh,materia-medica-026,https://cosmosorder.org/drug_concept/26-%E9%BB%83%E8%8A%A9%E9%99%BD%E6%98%8E%E5%A4%AA%E9%99%B0%E8%88%87%E6%B8%85%E7%86%B1%E7%AF%84%E5%9C%8D,/drug_concept/26-黃芩陽明太陰與清熱範圍,26-黃芩陽明太陰與清熱範圍,/en/drug_concept/26-黃芩陽明太陰與清熱範圍/,preserve,clean-filename-title-complete,Physical filename/title cleaned; public URL preserved by slug; display order follows GuidePosition.
materia-medica,藥物篇,drug_concept,drug_concept/附子細辛與少陰太陽標本.md,drug_concept/27-附子細辛與少陰太陽標本.md,en/drug_concept/附子細辛與少陰太陽標本_英文.md,en/drug_concept/27-附子細辛與少陰太陽標本_英文.md,附子細辛與少陰太陽標本,附子細辛與少陰太陽標本,Aconite and Asarum: Root-Branch Relations of Shaoyin and Taiyang,23,23 附子細辛與少陰太陽標本,23 Aconite and Asarum: Root-Branch Relations of Shaoyin and Taiyang,27,23,230,40,single-drug-validation,單藥驗證,advanced,zh,materia-medica-027,https://cosmosorder.org/drug_concept/27-%E9%99%84%E5%AD%90%E7%B4%B0%E8%BE%9B%E8%88%87%E5%B0%91%E9%99%B0%E5%A4%AA%E9%99%BD%E6%A8%99%E6%9C%AC,/drug_concept/27-附子細辛與少陰太陽標本,27-附子細辛與少陰太陽標本,/en/drug_concept/27-附子細辛與少陰太陽標本/,preserve,clean-filename-title-complete,Physical filename/title cleaned; public URL preserved by slug; display order follows GuidePosition.
materia-medica,藥物篇,drug_concept,drug_concept/葛根杜仲與形態經脈推演.md,drug_concept/28-葛根杜仲與形態經脈推演.md,en/drug_concept/葛根杜仲與形態經脈推演_英文.md,en/drug_concept/28-葛根杜仲與形態經脈推演_英文.md,葛根杜仲與形態經脈推演,葛根杜仲與形態經脈推演,Kudzu and Eucommia: Derivation through Morphology and Channels,24,24 葛根杜仲與形態經脈推演,24 Kudzu and Eucommia: Derivation through Morphology and Channels,28,24,240,40,single-drug-validation,單藥驗證,advanced,zh,materia-medica-028,https://cosmosorder.org/drug_concept/28-%E8%91%9B%E6%A0%B9%E6%9D%9C%E4%BB%B2%E8%88%87%E5%BD%A2%E6%85%8B%E7%B6%93%E8%84%88%E6%8E%A8%E6%BC%94,/drug_concept/28-葛根杜仲與形態經脈推演,28-葛根杜仲與形態經脈推演,/en/drug_concept/28-葛根杜仲與形態經脈推演/,preserve,clean-filename-title-complete,Physical filename/title cleaned; public URL preserved by slug; display order follows GuidePosition.
materia-medica,藥物篇,drug_concept,drug_concept/神農本草三百六十味的時空分佈.md,drug_concept/29-神農本草三百六十味的時空分佈.md,en/drug_concept/神農本草三百六十味的時空分佈_英文.md,en/drug_concept/29-神農本草三百六十味的時空分佈_英文.md,神農本草三百六十味的時空分佈,神農本草三百六十味的時空分佈,The Spacetime Distribution of the 360 Medicines of the Shennong Bencao Jing,25,25 神農本草三百六十味的時空分佈,25 The Spacetime Distribution of the 360 Medicines of the Shennong Bencao Jing,29,25,250,50,global-distribution,全局分布,research,zh,materia-medica-029,https://cosmosorder.org/drug_concept/29-%E7%A5%9E%E8%BE%B2%E6%9C%AC%E8%8D%89%E4%B8%89%E7%99%BE%E5%85%AD%E5%8D%81%E5%91%B3%E7%9A%84%E6%99%82%E7%A9%BA%E5%88%86%E4%BD%88,/drug_concept/29-神農本草三百六十味的時空分佈,29-神農本草三百六十味的時空分佈,/en/drug_concept/29-神農本草三百六十味的時空分佈/,preserve,clean-filename-title-complete,Physical filename/title cleaned; public URL preserved by slug; display order follows GuidePosition.
materia-medica,藥物篇,drug_concept,drug_concept/內經時空模型作為藥物總座標.md,drug_concept/07-內經時空模型作為藥物總座標.md,en/drug_concept/內經時空模型作為藥物總座標_英文.md,en/drug_concept/07-內經時空模型作為藥物總座標_英文.md,內經時空模型作為藥物總座標,內經時空模型作為藥物總座標,The Inner Canon Spacetime Model as the Master Coordinate System for Materia Medica,26,26 內經時空模型作為藥物總座標,26 The Inner Canon Spacetime Model as the Master Coordinate System for Materia Medica,7,26,260,50,global-distribution,全局分布,research,zh,materia-medica-007,https://cosmosorder.org/drug_concept/07-%E5%85%A7%E7%B6%93%E6%99%82%E7%A9%BA%E6%A8%A1%E5%9E%8B%E4%BD%9C%E7%82%BA%E8%97%A5%E7%89%A9%E7%B8%BD%E5%BA%A7%E6%A8%99,/drug_concept/07-內經時空模型作為藥物總座標,07-內經時空模型作為藥物總座標,/en/drug_concept/07-內經時空模型作為藥物總座標/,preserve,clean-filename-title-complete,Physical filename/title cleaned; public URL preserved by slug; display order follows GuidePosition.
materia-medica,藥物篇,drug_concept,drug_concept/朱進忠臨床用藥三十三視角.md,drug_concept/08-朱進忠臨床用藥三十三視角.md,en/drug_concept/朱進忠臨床用藥三十三視角_英文.md,en/drug_concept/08-朱進忠臨床用藥三十三視角_英文.md,朱進忠臨床用藥三十三視角,朱進忠臨床用藥三十三視角,Zhu Jinzhong's Thirty-Three Clinical Perspectives on Drug Use,27,27 朱進忠臨床用藥三十三視角,27 Zhu Jinzhong's Thirty-Three Clinical Perspectives on Drug Use,8,27,270,60,formula-composition,組方,research,zh,materia-medica-008,https://cosmosorder.org/drug_concept/08-%E6%9C%B1%E9%80%B2%E5%BF%A0%E8%87%A8%E5%BA%8A%E7%94%A8%E8%97%A5%E4%B8%89%E5%8D%81%E4%B8%89%E8%A6%96%E8%A7%92,/drug_concept/08-朱進忠臨床用藥三十三視角,08-朱進忠臨床用藥三十三視角,/en/drug_concept/08-朱進忠臨床用藥三十三視角/,preserve,clean-filename-title-complete,Physical filename/title cleaned; public URL preserved by slug; display order follows GuidePosition.
materia-medica,藥物篇,drug_concept,drug_concept/藥量辨證與經方劑量設計.md,drug_concept/10-藥量辨證與經方劑量設計.md,en/drug_concept/藥量辨證與經方劑量設計_英文.md,en/drug_concept/10-藥量辨證與經方劑量設計_英文.md,藥量辨證與經方劑量設計,藥量辨證與經方劑量設計,Dose-Based Pattern Differentiation and Dosage Design in Classical Formulas,28,28 藥量辨證與經方劑量設計,28 Dose-Based Pattern Differentiation and Dosage Design in Classical Formulas,10,28,280,60,formula-composition,組方,research,zh,materia-medica-010,https://cosmosorder.org/drug_concept/10-%E8%97%A5%E9%87%8F%E8%BE%A8%E8%AD%89%E8%88%87%E7%B6%93%E6%96%B9%E5%8A%91%E9%87%8F%E8%A8%AD%E8%A8%88,/drug_concept/10-藥量辨證與經方劑量設計,10-藥量辨證與經方劑量設計,/en/drug_concept/10-藥量辨證與經方劑量設計/,preserve,clean-filename-title-complete,Physical filename/title cleaned; public URL preserved by slug; display order follows GuidePosition.
materia-medica,藥物篇,drug_concept,drug_concept/比例辨證與方中作用層位.md,drug_concept/11-比例辨證與方中作用層位.md,en/drug_concept/比例辨證與方中作用層位_英文.md,en/drug_concept/11-比例辨證與方中作用層位_英文.md,比例辨證與方中作用層位,比例辨證與方中作用層位,Proportional Pattern Differentiation and Functional Layers within a Formula,29,29 比例辨證與方中作用層位,29 Proportional Pattern Differentiation and Functional Layers within a Formula,11,29,290,60,formula-composition,組方,research,zh,materia-medica-011,https://cosmosorder.org/drug_concept/11-%E6%AF%94%E4%BE%8B%E8%BE%A8%E8%AD%89%E8%88%87%E6%96%B9%E4%B8%AD%E4%BD%9C%E7%94%A8%E5%B1%A4%E4%BD%8D,/drug_concept/11-比例辨證與方中作用層位,11-比例辨證與方中作用層位,/en/drug_concept/11-比例辨證與方中作用層位/,preserve,clean-filename-title-complete,Physical filename/title cleaned; public URL preserved by slug; display order follows GuidePosition.
materia-medica,藥物篇,drug_concept,drug_concept/醫家取舍與經典自洽判準.md,drug_concept/30-醫家取舍與經典自洽判準.md,en/drug_concept/醫家取舍與經典自洽判準_英文.md,en/drug_concept/30-醫家取舍與經典自洽判準_英文.md,醫家取舍與經典自洽判準,醫家取舍與經典自洽判準,Choosing among Physicians and the Criterion of Classical Self-Consistency,30,30 醫家取舍與經典自洽判準,30 Choosing among Physicians and the Criterion of Classical Self-Consistency,30,30,300,60,formula-composition,組方,research,zh,materia-medica-030,https://cosmosorder.org/drug_concept/30-%E9%86%AB%E5%AE%B6%E5%8F%96%E8%88%8D%E8%88%87%E7%B6%93%E5%85%B8%E8%87%AA%E6%B4%BD%E5%88%A4%E6%BA%96,/drug_concept/30-醫家取舍與經典自洽判準,30-醫家取舍與經典自洽判準,/en/drug_concept/30-醫家取舍與經典自洽判準/,preserve,clean-filename-title-complete,Physical filename/title cleaned; public URL preserved by slug; display order follows GuidePosition.
acupuncture,針灸篇,acupuncture_concept,acupuncture_concept/穴位也許不是點-針灸甲乙經裡隱藏的相位控制圖.md,acupuncture_concept/01-穴位也許不是點-針灸甲乙經裡隱藏的相位控制圖.md,en/acupuncture_concept/穴位也許不是點-針灸甲乙經裡隱藏的相位控制圖_英文.md,en/acupuncture_concept/01-穴位也許不是點-針灸甲乙經裡隱藏的相位控制圖_英文.md,穴位也許不是「點」：《針灸甲乙經》裡隱藏的相位控制圖,穴位也許不是「點」：《針灸甲乙經》裡隱藏的相位控制圖,Acupoints May Not Be 'Points': A Hidden Phase-Control Map in the Zhenjiu Jiayi Jing,01,01 穴位也許不是「點」：《針灸甲乙經》裡隱藏的相位控制圖,01 Acupoints May Not Be 'Points': A Hidden Phase-Control Map in the Zhenjiu Jiayi Jing,1,1,10,10,hypothesis,假說,foundation,zh,acupuncture-001,https://cosmosorder.org/acupuncture_concept/01-%E7%A9%B4%E4%BD%8D%E4%B9%9F%E8%A8%B1%E4%B8%8D%E6%98%AF%E9%BB%9E-%E9%87%9D%E7%81%B8%E7%94%B2%E4%B9%99%E7%B6%93%E8%A3%A1%E9%9A%B1%E8%97%8F%E7%9A%84%E7%9B%B8%E4%BD%8D%E6%8E%A7%E5%88%B6%E5%9C%96,/acupuncture_concept/01-穴位也許不是點-針灸甲乙經裡隱藏的相位控制圖,01-穴位也許不是點-針灸甲乙經裡隱藏的相位控制圖,/en/acupuncture_concept/01-穴位也許不是點-針灸甲乙經裡隱藏的相位控制圖/,preserve,clean-filename-title-complete,Physical filename/title cleaned; public URL preserved by slug; display order follows GuidePosition.
acupuncture,針灸篇,acupuncture_concept,acupuncture_concept/三條幾何語法-為什麼能回溯近九成甲乙經穴位主治.md,acupuncture_concept/02-三條幾何語法-為什麼能回溯近九成甲乙經穴位主治.md,en/acupuncture_concept/三條幾何語法-為什麼能回溯近九成甲乙經穴位主治_英文.md,en/acupuncture_concept/02-三條幾何語法-為什麼能回溯近九成甲乙經穴位主治_英文.md,三條幾何語法，為什麼能回溯近九成《甲乙經》穴位主治？,三條幾何語法，為什麼能回溯近九成《甲乙經》穴位主治？,Why Can Three Geometric Rules Recover Nearly 90% of Jiayi Jing Acupoint Indications?,02,02 三條幾何語法，為什麼能回溯近九成《甲乙經》穴位主治？,02 Why Can Three Geometric Rules Recover Nearly 90% of Jiayi Jing Acupoint Indications?,2,2,20,20,geometric-rules,幾何規則,foundation,zh,acupuncture-002,https://cosmosorder.org/acupuncture_concept/02-%E4%B8%89%E6%A2%9D%E5%B9%BE%E4%BD%95%E8%AA%9E%E6%B3%95-%E7%82%BA%E4%BB%80%E9%BA%BC%E8%83%BD%E5%9B%9E%E6%BA%AF%E8%BF%91%E4%B9%9D%E6%88%90%E7%94%B2%E4%B9%99%E7%B6%93%E7%A9%B4%E4%BD%8D%E4%B8%BB%E6%B2%BB,/acupuncture_concept/02-三條幾何語法-為什麼能回溯近九成甲乙經穴位主治,02-三條幾何語法-為什麼能回溯近九成甲乙經穴位主治,/en/acupuncture_concept/02-三條幾何語法-為什麼能回溯近九成甲乙經穴位主治/,preserve,clean-filename-title-complete,Physical filename/title cleaned; public URL preserved by slug; display order follows GuidePosition.
acupuncture,針灸篇,acupuncture_concept,acupuncture_concept/一個腳上的穴-為什麼會治頭與咽喉-遠端取穴的幾何答案.md,acupuncture_concept/03-一個腳上的穴-為什麼會治頭與咽喉-遠端取穴的幾何答案.md,en/acupuncture_concept/一個腳上的穴-為什麼會治頭與咽喉-遠端取穴的幾何答案_英文.md,en/acupuncture_concept/03-一個腳上的穴-為什麼會治頭與咽喉-遠端取穴的幾何答案_英文.md,一個腳上的穴，為什麼會治頭與咽喉？遠端取穴的幾何答案,一個腳上的穴，為什麼會治頭與咽喉？遠端取穴的幾何答案,Why Can a Point on the Foot Treat the Head and Throat? A Geometric Answer to Distal Point Selection,03,03 一個腳上的穴，為什麼會治頭與咽喉？遠端取穴的幾何答案,03 Why Can a Point on the Foot Treat the Head and Throat? A Geometric Answer to Distal Point Selection,3,3,30,30,distal-case,遠端案例,advanced,zh,acupuncture-003,https://cosmosorder.org/acupuncture_concept/03-%E4%B8%80%E5%80%8B%E8%85%B3%E4%B8%8A%E7%9A%84%E7%A9%B4-%E7%82%BA%E4%BB%80%E9%BA%BC%E6%9C%83%E6%B2%BB%E9%A0%AD%E8%88%87%E5%92%BD%E5%96%89-%E9%81%A0%E7%AB%AF%E5%8F%96%E7%A9%B4%E7%9A%84%E5%B9%BE%E4%BD%95%E7%AD%94%E6%A1%88,/acupuncture_concept/03-一個腳上的穴-為什麼會治頭與咽喉-遠端取穴的幾何答案,03-一個腳上的穴-為什麼會治頭與咽喉-遠端取穴的幾何答案,/en/acupuncture_concept/03-一個腳上的穴-為什麼會治頭與咽喉-遠端取穴的幾何答案/,preserve,clean-filename-title-complete,Physical filename/title cleaned; public URL preserved by slug; display order follows GuidePosition.
acupuncture,針灸篇,acupuncture_concept,acupuncture_concept/井滎輸經合不是五個古老名詞-它們可能是一套邊界控制棧.md,acupuncture_concept/04-井滎輸經合不是五個古老名詞-它們可能是一套邊界控制棧.md,en/acupuncture_concept/井滎輸經合不是五個古老名詞-它們可能是一套邊界控制棧_英文.md,en/acupuncture_concept/04-井滎輸經合不是五個古老名詞-它們可能是一套邊界控制棧_英文.md,井、滎、輸、經、合不是五個古老名詞：它們可能是一套邊界控制棧,井、滎、輸、經、合不是五個古老名詞：它們可能是一套邊界控制棧,"Jing-Well, Ying-Spring, Shu-Stream, Jing-River, and He-Sea May Be a Boundary Control Stack",04,04 井、滎、輸、經、合不是五個古老名詞：它們可能是一套邊界控制棧,"04 Jing-Well, Ying-Spring, Shu-Stream, Jing-River, and He-Sea May Be a Boundary Control Stack",4,4,40,40,control-stack,控制結構,advanced,zh,acupuncture-004,https://cosmosorder.org/acupuncture_concept/04-%E4%BA%95%E6%BB%8E%E8%BC%B8%E7%B6%93%E5%90%88%E4%B8%8D%E6%98%AF%E4%BA%94%E5%80%8B%E5%8F%A4%E8%80%81%E5%90%8D%E8%A9%9E-%E5%AE%83%E5%80%91%E5%8F%AF%E8%83%BD%E6%98%AF%E4%B8%80%E5%A5%97%E9%82%8A%E7%95%8C%E6%8E%A7%E5%88%B6%E6%A3%A7,/acupuncture_concept/04-井滎輸經合不是五個古老名詞-它們可能是一套邊界控制棧,04-井滎輸經合不是五個古老名詞-它們可能是一套邊界控制棧,/en/acupuncture_concept/04-井滎輸經合不是五個古老名詞-它們可能是一套邊界控制棧/,preserve,clean-filename-title-complete,Physical filename/title cleaned; public URL preserved by slug; display order follows GuidePosition.
acupuncture,針灸篇,acupuncture_concept,acupuncture_concept/六氣真的寫在經絡相位上嗎-風寒濕火窗口與一個意外漏洞.md,acupuncture_concept/05-六氣真的寫在經絡相位上嗎-風寒濕火窗口與一個意外漏洞.md,en/acupuncture_concept/六氣真的寫在經絡相位上嗎-風寒濕火窗口與一個意外漏洞_英文.md,en/acupuncture_concept/05-六氣真的寫在經絡相位上嗎-風寒濕火窗口與一個意外漏洞_英文.md,六氣真的寫在經絡相位上嗎？風、寒、濕、火窗口與一個意外的漏洞,六氣真的寫在經絡相位上嗎？風、寒、濕、火窗口與一個意外的漏洞,"Are the Six Qi Really Written into Channel Phase? Wind, Cold, Dampness, Fire Windows—and an Unexpected Gap",05,05 六氣真的寫在經絡相位上嗎？風、寒、濕、火窗口與一個意外的漏洞,"05 Are the Six Qi Really Written into Channel Phase? Wind, Cold, Dampness, Fire Windows—and an Unexpected Gap",5,5,50,50,six-qi-stress-test,六氣壓測,research,zh,acupuncture-005,https://cosmosorder.org/acupuncture_concept/05-%E5%85%AD%E6%B0%A3%E7%9C%9F%E7%9A%84%E5%AF%AB%E5%9C%A8%E7%B6%93%E7%B5%A1%E7%9B%B8%E4%BD%8D%E4%B8%8A%E5%97%8E-%E9%A2%A8%E5%AF%92%E6%BF%95%E7%81%AB%E7%AA%97%E5%8F%A3%E8%88%87%E4%B8%80%E5%80%8B%E6%84%8F%E5%A4%96%E6%BC%8F%E6%B4%9E,/acupuncture_concept/05-六氣真的寫在經絡相位上嗎-風寒濕火窗口與一個意外漏洞,05-六氣真的寫在經絡相位上嗎-風寒濕火窗口與一個意外漏洞,/en/acupuncture_concept/05-六氣真的寫在經絡相位上嗎-風寒濕火窗口與一個意外漏洞/,preserve,clean-filename-title-complete,Physical filename/title cleaned; public URL preserved by slug; display order follows GuidePosition.
acupuncture,針灸篇,acupuncture_concept,acupuncture_concept/風池為什麼叫風池-古人穴名可能不是詩意而是壓縮碼.md,acupuncture_concept/06-風池為什麼叫風池-古人穴名可能不是詩意而是壓縮碼.md,en/acupuncture_concept/風池為什麼叫風池-古人穴名可能不是詩意而是壓縮碼_英文.md,en/acupuncture_concept/06-風池為什麼叫風池-古人穴名可能不是詩意而是壓縮碼_英文.md,風池為什麼叫「風池」？古人穴名可能不是詩意，而是壓縮碼,風池為什麼叫「風池」？古人穴名可能不是詩意，而是壓縮碼,Why Is Fengchi Called 'Wind Pool'? Acupoint Names May Be Compressed Codes Rather Than Poetry,06,06 風池為什麼叫「風池」？古人穴名可能不是詩意，而是壓縮碼,06 Why Is Fengchi Called 'Wind Pool'? Acupoint Names May Be Compressed Codes Rather Than Poetry,6,6,60,60,naming-validation,穴名驗證,research,zh,acupuncture-006,https://cosmosorder.org/acupuncture_concept/06-%E9%A2%A8%E6%B1%A0%E7%82%BA%E4%BB%80%E9%BA%BC%E5%8F%AB%E9%A2%A8%E6%B1%A0-%E5%8F%A4%E4%BA%BA%E7%A9%B4%E5%90%8D%E5%8F%AF%E8%83%BD%E4%B8%8D%E6%98%AF%E8%A9%A9%E6%84%8F%E8%80%8C%E6%98%AF%E5%A3%93%E7%B8%AE%E7%A2%BC,/acupuncture_concept/06-風池為什麼叫風池-古人穴名可能不是詩意而是壓縮碼,06-風池為什麼叫風池-古人穴名可能不是詩意而是壓縮碼,/en/acupuncture_concept/06-風池為什麼叫風池-古人穴名可能不是詩意而是壓縮碼/,preserve,clean-filename-title-complete,Physical filename/title cleaned; public URL preserved by slug; display order follows GuidePosition.
bianque-mirror,扁鵲鏡經篇,Mirror_Classic _of_Bian_Que,Mirror_Classic _of_Bian_Que/氣真的可以被測量嗎-扁鵲鏡經的第一把鑰匙.md,Mirror_Classic _of_Bian_Que/01-氣真的可以被測量嗎-扁鵲鏡經的第一把鑰匙.md,en/Mirror_Classic _of_Bian_Que/氣真的可以被測量嗎-扁鵲鏡經的第一把鑰匙_英文.md,en/Mirror_Classic _of_Bian_Que/01-氣真的可以被測量嗎-扁鵲鏡經的第一把鑰匙_英文.md,氣真的可以被測量嗎？《扁鵲鏡經》的第一把鑰匙,氣真的可以被測量嗎？《扁鵲鏡經》的第一把鑰匙,Can Qi Really Be Measured? The First Key to the Mirror Classic of Bian Que,01,01 氣真的可以被測量嗎？《扁鵲鏡經》的第一把鑰匙,01 Can Qi Really Be Measured? The First Key to the Mirror Classic of Bian Que,1,1,10,10,measurement,量測,foundation,zh,bianque-mirror-001,https://cosmosorder.org/mirror_classic-_of_bian_que/01-%E6%B0%A3%E7%9C%9F%E7%9A%84%E5%8F%AF%E4%BB%A5%E8%A2%AB%E6%B8%AC%E9%87%8F%E5%97%8E-%E6%89%81%E9%B5%B2%E9%8F%A1%E7%B6%93%E7%9A%84%E7%AC%AC%E4%B8%80%E6%8A%8A%E9%91%B0%E5%8C%99,/mirror_classic-_of_bian_que/01-氣真的可以被測量嗎-扁鵲鏡經的第一把鑰匙,01-氣真的可以被測量嗎-扁鵲鏡經的第一把鑰匙,/en/mirror_classic-_of_bian_que/01-氣真的可以被測量嗎-扁鵲鏡經的第一把鑰匙/,preserve,clean-filename-title-complete,Physical filename/title cleaned; public URL preserved by slug; display order follows GuidePosition.
bianque-mirror,扁鵲鏡經篇,Mirror_Classic _of_Bian_Que,Mirror_Classic _of_Bian_Que/一呼一吸之間-什麼叫平人一息.md,Mirror_Classic _of_Bian_Que/02-一呼一吸之間-什麼叫平人一息.md,en/Mirror_Classic _of_Bian_Que/一呼一吸之間-什麼叫平人一息_英文.md,en/Mirror_Classic _of_Bian_Que/02-一呼一吸之間-什麼叫平人一息_英文.md,一呼一吸之間：什麼叫「平人一息」？,一呼一吸之間：什麼叫「平人一息」？,Between One Exhalation and One Inhalation: What Is One Baseline Breath?,02,02 一呼一吸之間：什麼叫「平人一息」？,02 Between One Exhalation and One Inhalation: What Is One Baseline Breath?,2,2,20,10,measurement,量測,foundation,zh,bianque-mirror-002,https://cosmosorder.org/mirror_classic-_of_bian_que/02-%E4%B8%80%E5%91%BC%E4%B8%80%E5%90%B8%E4%B9%8B%E9%96%93-%E4%BB%80%E9%BA%BC%E5%8F%AB%E5%B9%B3%E4%BA%BA%E4%B8%80%E6%81%AF,/mirror_classic-_of_bian_que/02-一呼一吸之間-什麼叫平人一息,02-一呼一吸之間-什麼叫平人一息,/en/mirror_classic-_of_bian_que/02-一呼一吸之間-什麼叫平人一息/,preserve,clean-filename-title-complete,Physical filename/title cleaned; public URL preserved by slug; display order follows GuidePosition.
bianque-mirror,扁鵲鏡經篇,Mirror_Classic _of_Bian_Que,Mirror_Classic _of_Bian_Que/一息脈五動氣行六寸-古人怎樣把氣化變成數字.md,Mirror_Classic _of_Bian_Que/03-一息脈五動氣行六寸-古人怎樣把氣化變成數字.md,en/Mirror_Classic _of_Bian_Que/一息脈五動氣行六寸-古人怎樣把氣化變成數字_英文.md,en/Mirror_Classic _of_Bian_Que/03-一息脈五動氣行六寸-古人怎樣把氣化變成數字_英文.md,一息脈五動、氣行六寸：古人怎樣把氣化變成數字？,一息脈五動、氣行六寸：古人怎樣把氣化變成數字？,"Five Pulse Movements in One Breath, Qi Traveling Six Cun: Turning Qi Transformation into Numbers",03,03 一息脈五動、氣行六寸：古人怎樣把氣化變成數字？,"03 Five Pulse Movements in One Breath, Qi Traveling Six Cun: Turning Qi Transformation into Numbers",3,3,30,10,measurement,量測,foundation,zh,bianque-mirror-003,https://cosmosorder.org/mirror_classic-_of_bian_que/03-%E4%B8%80%E6%81%AF%E8%84%88%E4%BA%94%E5%8B%95%E6%B0%A3%E8%A1%8C%E5%85%AD%E5%AF%B8-%E5%8F%A4%E4%BA%BA%E6%80%8E%E6%A8%A3%E6%8A%8A%E6%B0%A3%E5%8C%96%E8%AE%8A%E6%88%90%E6%95%B8%E5%AD%97,/mirror_classic-_of_bian_que/03-一息脈五動氣行六寸-古人怎樣把氣化變成數字,03-一息脈五動氣行六寸-古人怎樣把氣化變成數字,/en/mirror_classic-_of_bian_que/03-一息脈五動氣行六寸-古人怎樣把氣化變成數字/,preserve,clean-filename-title-complete,Physical filename/title cleaned; public URL preserved by slug; display order follows GuidePosition.
bianque-mirror,扁鵲鏡經篇,Mirror_Classic _of_Bian_Que,Mirror_Classic _of_Bian_Que/寸不是公分-骨度如何成為人體自己的尺.md,Mirror_Classic _of_Bian_Que/04-寸不是公分-骨度如何成為人體自己的尺.md,en/Mirror_Classic _of_Bian_Que/寸不是公分-骨度如何成為人體自己的尺_英文.md,en/Mirror_Classic _of_Bian_Que/04-寸不是公分-骨度如何成為人體自己的尺_英文.md,「寸」不是公分：骨度如何成為人體自己的尺？,「寸」不是公分：骨度如何成為人體自己的尺？,A Cun Is Not a Centimeter: Bone Measure as the Body’s Own Ruler,04,04 「寸」不是公分：骨度如何成為人體自己的尺？,04 A Cun Is Not a Centimeter: Bone Measure as the Body’s Own Ruler,4,4,40,10,measurement,量測,foundation,zh,bianque-mirror-004,https://cosmosorder.org/mirror_classic-_of_bian_que/04-%E5%AF%B8%E4%B8%8D%E6%98%AF%E5%85%AC%E5%88%86-%E9%AA%A8%E5%BA%A6%E5%A6%82%E4%BD%95%E6%88%90%E7%82%BA%E4%BA%BA%E9%AB%94%E8%87%AA%E5%B7%B1%E7%9A%84%E5%B0%BA,/mirror_classic-_of_bian_que/04-寸不是公分-骨度如何成為人體自己的尺,04-寸不是公分-骨度如何成為人體自己的尺,/en/mirror_classic-_of_bian_que/04-寸不是公分-骨度如何成為人體自己的尺/,preserve,clean-filename-title-complete,Physical filename/title cleaned; public URL preserved by slug; display order follows GuidePosition.
bianque-mirror,扁鵲鏡經篇,Mirror_Classic _of_Bian_Que,Mirror_Classic _of_Bian_Que/從六寸到二十二丈三尺六寸-氣如何走完人體一周.md,Mirror_Classic _of_Bian_Que/05-從六寸到二十二丈三尺六寸-氣如何走完人體一周.md,en/Mirror_Classic _of_Bian_Que/從六寸到二十二丈三尺六寸-氣如何走完人體一周_英文.md,en/Mirror_Classic _of_Bian_Que/05-從六寸到二十二丈三尺六寸-氣如何走完人體一周_英文.md,從六寸到二十二丈三尺六寸：氣如何走完人體一周？,從六寸到二十二丈三尺六寸：氣如何走完人體一周？,"From Six Cun to Twenty-Two Zhang, Three Chi, Six Cun: How Qi Completes One Circuit",05,05 從六寸到二十二丈三尺六寸：氣如何走完人體一周？,"05 From Six Cun to Twenty-Two Zhang, Three Chi, Six Cun: How Qi Completes One Circuit",5,5,50,10,measurement,量測,foundation,zh,bianque-mirror-005,https://cosmosorder.org/mirror_classic-_of_bian_que/05-%E5%BE%9E%E5%85%AD%E5%AF%B8%E5%88%B0%E4%BA%8C%E5%8D%81%E4%BA%8C%E4%B8%88%E4%B8%89%E5%B0%BA%E5%85%AD%E5%AF%B8-%E6%B0%A3%E5%A6%82%E4%BD%95%E8%B5%B0%E5%AE%8C%E4%BA%BA%E9%AB%94%E4%B8%80%E5%91%A8,/mirror_classic-_of_bian_que/05-從六寸到二十二丈三尺六寸-氣如何走完人體一周,05-從六寸到二十二丈三尺六寸-氣如何走完人體一周,/en/mirror_classic-_of_bian_que/05-從六寸到二十二丈三尺六寸-氣如何走完人體一周/,preserve,clean-filename-title-complete,Physical filename/title cleaned; public URL preserved by slug; display order follows GuidePosition.
bianque-mirror,扁鵲鏡經篇,Mirror_Classic _of_Bian_Que,Mirror_Classic _of_Bian_Que/人體為什麼要和一天對時-十二辰百刻與五十營.md,Mirror_Classic _of_Bian_Que/06-人體為什麼要和一天對時-十二辰百刻與五十營.md,en/Mirror_Classic _of_Bian_Que/人體為什麼要和一天對時-十二辰百刻與五十營_英文.md,en/Mirror_Classic _of_Bian_Que/06-人體為什麼要和一天對時-十二辰百刻與五十營_英文.md,人體為什麼要和一天對時？十二辰、百刻與五十營,人體為什麼要和一天對時？十二辰、百刻與五十營,"Why Must the Body Keep Time with the Day? Twelve Double-Hours, One Hundred Ke, and Fifty Ying Circuits",06,06 人體為什麼要和一天對時？十二辰、百刻與五十營,"06 Why Must the Body Keep Time with the Day? Twelve Double-Hours, One Hundred Ke, and Fifty Ying Circuits",6,6,60,10,measurement,量測,foundation,zh,bianque-mirror-006,https://cosmosorder.org/mirror_classic-_of_bian_que/06-%E4%BA%BA%E9%AB%94%E7%82%BA%E4%BB%80%E9%BA%BC%E8%A6%81%E5%92%8C%E4%B8%80%E5%A4%A9%E5%B0%8D%E6%99%82-%E5%8D%81%E4%BA%8C%E8%BE%B0%E7%99%BE%E5%88%BB%E8%88%87%E4%BA%94%E5%8D%81%E7%87%9F,/mirror_classic-_of_bian_que/06-人體為什麼要和一天對時-十二辰百刻與五十營,06-人體為什麼要和一天對時-十二辰百刻與五十營,/en/mirror_classic-_of_bian_que/06-人體為什麼要和一天對時-十二辰百刻與五十營/,preserve,clean-filename-title-complete,Physical filename/title cleaned; public URL preserved by slug; display order follows GuidePosition.
bianque-mirror,扁鵲鏡經篇,Mirror_Classic _of_Bian_Que,Mirror_Classic _of_Bian_Que/脈為什麼有快慢長短-一動一寸五分的意義.md,Mirror_Classic _of_Bian_Que/07-脈為什麼有快慢長短-一動一寸五分的意義.md,en/Mirror_Classic _of_Bian_Que/脈為什麼有快慢長短-一動一寸五分的意義_英文.md,en/Mirror_Classic _of_Bian_Que/07-脈為什麼有快慢長短-一動一寸五分的意義_英文.md,脈為什麼有快慢長短？一動一寸五分的意義,脈為什麼有快慢長短？一動一寸五分的意義,"Why Can the Pulse Be Fast or Slow, Long or Short? The Meaning of One Cun Five Fen per Movement",07,07 脈為什麼有快慢長短？一動一寸五分的意義,"07 Why Can the Pulse Be Fast or Slow, Long or Short? The Meaning of One Cun Five Fen per Movement",7,7,70,10,measurement,量測,foundation,zh,bianque-mirror-007,https://cosmosorder.org/mirror_classic-_of_bian_que/07-%E8%84%88%E7%82%BA%E4%BB%80%E9%BA%BC%E6%9C%89%E5%BF%AB%E6%85%A2%E9%95%B7%E7%9F%AD-%E4%B8%80%E5%8B%95%E4%B8%80%E5%AF%B8%E4%BA%94%E5%88%86%E7%9A%84%E6%84%8F%E7%BE%A9,/mirror_classic-_of_bian_que/07-脈為什麼有快慢長短-一動一寸五分的意義,07-脈為什麼有快慢長短-一動一寸五分的意義,/en/mirror_classic-_of_bian_que/07-脈為什麼有快慢長短-一動一寸五分的意義/,preserve,clean-filename-title-complete,Physical filename/title cleaned; public URL preserved by slug; display order follows GuidePosition.
bianque-mirror,扁鵲鏡經篇,Mirror_Classic _of_Bian_Que,Mirror_Classic _of_Bian_Que/音息脈其實是同一件事的不同投影.md,Mirror_Classic _of_Bian_Que/08-音息脈其實是同一件事的不同投影.md,en/Mirror_Classic _of_Bian_Que/音息脈其實是同一件事的不同投影_英文.md,en/Mirror_Classic _of_Bian_Que/08-音息脈其實是同一件事的不同投影_英文.md,音、息、脈其實是同一件事的不同投影,音、息、脈其實是同一件事的不同投影,"Tone, Breath, and Pulse Are Different Projections of the Same Process",08,08 音、息、脈其實是同一件事的不同投影,"08 Tone, Breath, and Pulse Are Different Projections of the Same Process",8,8,80,10,measurement,量測,foundation,zh,bianque-mirror-008,https://cosmosorder.org/mirror_classic-_of_bian_que/08-%E9%9F%B3%E6%81%AF%E8%84%88%E5%85%B6%E5%AF%A6%E6%98%AF%E5%90%8C%E4%B8%80%E4%BB%B6%E4%BA%8B%E7%9A%84%E4%B8%8D%E5%90%8C%E6%8A%95%E5%BD%B1,/mirror_classic-_of_bian_que/08-音息脈其實是同一件事的不同投影,08-音息脈其實是同一件事的不同投影,/en/mirror_classic-_of_bian_que/08-音息脈其實是同一件事的不同投影/,preserve,clean-filename-title-complete,Physical filename/title cleaned; public URL preserved by slug; display order follows GuidePosition.
bianque-mirror,扁鵲鏡經篇,Mirror_Classic _of_Bian_Que,Mirror_Classic _of_Bian_Que/人為什麼有自己的稟音.md,Mirror_Classic _of_Bian_Que/09-人為什麼有自己的稟音.md,en/Mirror_Classic _of_Bian_Que/人為什麼有自己的稟音_英文.md,en/Mirror_Classic _of_Bian_Que/09-人為什麼有自己的稟音_英文.md,人為什麼有自己的「稟音」？,人為什麼有自己的「稟音」？,Why Does Each Person Have an Inherited Tone?,09,09 人為什麼有自己的「稟音」？,09 Why Does Each Person Have an Inherited Tone?,9,9,90,20,encoding,編碼,foundation,zh,bianque-mirror-009,https://cosmosorder.org/mirror_classic-_of_bian_que/09-%E4%BA%BA%E7%82%BA%E4%BB%80%E9%BA%BC%E6%9C%89%E8%87%AA%E5%B7%B1%E7%9A%84%E7%A8%9F%E9%9F%B3,/mirror_classic-_of_bian_que/09-人為什麼有自己的稟音,09-人為什麼有自己的稟音,/en/mirror_classic-_of_bian_que/09-人為什麼有自己的稟音/,preserve,clean-filename-title-complete,Physical filename/title cleaned; public URL preserved by slug; display order follows GuidePosition.
bianque-mirror,扁鵲鏡經篇,Mirror_Classic _of_Bian_Que,Mirror_Classic _of_Bian_Que/甬宮商角徵羽穌-人體聲音的七層尺度.md,Mirror_Classic _of_Bian_Que/10-甬宮商角徵羽穌-人體聲音的七層尺度.md,en/Mirror_Classic _of_Bian_Que/甬宮商角徵羽穌-人體聲音的七層尺度_英文.md,en/Mirror_Classic _of_Bian_Que/10-甬宮商角徵羽穌-人體聲音的七層尺度_英文.md,甬、宮、商、角、徵、羽、穌：人體聲音的七層尺度,甬、宮、商、角、徵、羽、穌：人體聲音的七層尺度,"Yong, Gong, Shang, Jue, Zhi, Yu, and Su: Seven Scales of Human Tone",10,10 甬、宮、商、角、徵、羽、穌：人體聲音的七層尺度,"10 Yong, Gong, Shang, Jue, Zhi, Yu, and Su: Seven Scales of Human Tone",10,10,100,20,encoding,編碼,foundation,zh,bianque-mirror-010,https://cosmosorder.org/mirror_classic-_of_bian_que/10-%E7%94%AC%E5%AE%AE%E5%95%86%E8%A7%92%E5%BE%B5%E7%BE%BD%E7%A9%8C-%E4%BA%BA%E9%AB%94%E8%81%B2%E9%9F%B3%E7%9A%84%E4%B8%83%E5%B1%A4%E5%B0%BA%E5%BA%A6,/mirror_classic-_of_bian_que/10-甬宮商角徵羽穌-人體聲音的七層尺度,10-甬宮商角徵羽穌-人體聲音的七層尺度,/en/mirror_classic-_of_bian_que/10-甬宮商角徵羽穌-人體聲音的七層尺度/,preserve,clean-filename-title-complete,Physical filename/title cleaned; public URL preserved by slug; display order follows GuidePosition.
bianque-mirror,扁鵲鏡經篇,Mirror_Classic _of_Bian_Que,Mirror_Classic _of_Bian_Que/一音十分-正少眾開判質虞加太上.md,Mirror_Classic _of_Bian_Que/11-一音十分-正少眾開判質虞加太上.md,en/Mirror_Classic _of_Bian_Que/一音十分-正少眾開判質虞加太上_英文.md,en/Mirror_Classic _of_Bian_Que/11-一音十分-正少眾開判質虞加太上_英文.md,一音十分：正、少、眾、開、判、質、虞、加、太、上,一音十分：正、少、眾、開、判、質、虞、加、太、上,"Ten Degrees of One Tone: Zheng, Shao, Zhong, Kai, Pan, Zhi, Yu, Jia, Tai, Shang",11,11 一音十分：正、少、眾、開、判、質、虞、加、太、上,"11 Ten Degrees of One Tone: Zheng, Shao, Zhong, Kai, Pan, Zhi, Yu, Jia, Tai, Shang",11,11,110,20,encoding,編碼,foundation,zh,bianque-mirror-011,https://cosmosorder.org/mirror_classic-_of_bian_que/11-%E4%B8%80%E9%9F%B3%E5%8D%81%E5%88%86-%E6%AD%A3%E5%B0%91%E7%9C%BE%E9%96%8B%E5%88%A4%E8%B3%AA%E8%99%9E%E5%8A%A0%E5%A4%AA%E4%B8%8A,/mirror_classic-_of_bian_que/11-一音十分-正少眾開判質虞加太上,11-一音十分-正少眾開判質虞加太上,/en/mirror_classic-_of_bian_que/11-一音十分-正少眾開判質虞加太上/,preserve,clean-filename-title-complete,Physical filename/title cleaned; public URL preserved by slug; display order follows GuidePosition.
bianque-mirror,扁鵲鏡經篇,Mirror_Classic _of_Bian_Que,Mirror_Classic _of_Bian_Que/古人的音高不是高低而已-十分度在量什麼.md,Mirror_Classic _of_Bian_Que/12-古人的音高不是高低而已-十分度在量什麼.md,en/Mirror_Classic _of_Bian_Que/古人的音高不是高低而已-十分度在量什麼_英文.md,en/Mirror_Classic _of_Bian_Que/12-古人的音高不是高低而已-十分度在量什麼_英文.md,古人的音高不是高低而已：十分度究竟在量什麼？,古人的音高不是高低而已：十分度究竟在量什麼？,Ancient ‘Pitch’ Was More Than High and Low: What Do the Ten Degrees Measure?,12,12 古人的音高不是高低而已：十分度究竟在量什麼？,12 Ancient ‘Pitch’ Was More Than High and Low: What Do the Ten Degrees Measure?,12,12,120,20,encoding,編碼,foundation,zh,bianque-mirror-012,https://cosmosorder.org/mirror_classic-_of_bian_que/12-%E5%8F%A4%E4%BA%BA%E7%9A%84%E9%9F%B3%E9%AB%98%E4%B8%8D%E6%98%AF%E9%AB%98%E4%BD%8E%E8%80%8C%E5%B7%B2-%E5%8D%81%E5%88%86%E5%BA%A6%E5%9C%A8%E9%87%8F%E4%BB%80%E9%BA%BC,/mirror_classic-_of_bian_que/12-古人的音高不是高低而已-十分度在量什麼,12-古人的音高不是高低而已-十分度在量什麼,/en/mirror_classic-_of_bian_que/12-古人的音高不是高低而已-十分度在量什麼/,preserve,clean-filename-title-complete,Physical filename/title cleaned; public URL preserved by slug; display order follows GuidePosition.
bianque-mirror,扁鵲鏡經篇,Mirror_Classic _of_Bian_Que,Mirror_Classic _of_Bian_Que/安孚躬彁執淩解變隨盉從哪裡來.md,Mirror_Classic _of_Bian_Que/13-安孚躬彁執淩解變隨盉從哪裡來.md,en/Mirror_Classic _of_Bian_Que/安孚躬彁執淩解變隨盉從哪裡來_英文.md,en/Mirror_Classic _of_Bian_Que/13-安孚躬彁執淩解變隨盉從哪裡來_英文.md,安、孚、躬、彁、執、淩、解、變、隨、盉從哪裡來？,安、孚、躬、彁、執、淩、解、變、隨、盉從哪裡來？,"Where Do An, Fu, Gong, Ge, Zhi, Ling, Jie, Bian, Sui, and He Come From?",13,13 安、孚、躬、彁、執、淩、解、變、隨、盉從哪裡來？,"13 Where Do An, Fu, Gong, Ge, Zhi, Ling, Jie, Bian, Sui, and He Come From?",13,13,130,20,encoding,編碼,foundation,zh,bianque-mirror-013,https://cosmosorder.org/mirror_classic-_of_bian_que/13-%E5%AE%89%E5%AD%9A%E8%BA%AC%E5%BD%81%E5%9F%B7%E6%B7%A9%E8%A7%A3%E8%AE%8A%E9%9A%A8%E7%9B%89%E5%BE%9E%E5%93%AA%E8%A3%A1%E4%BE%86,/mirror_classic-_of_bian_que/13-安孚躬彁執淩解變隨盉從哪裡來,13-安孚躬彁執淩解變隨盉從哪裡來,/en/mirror_classic-_of_bian_que/13-安孚躬彁執淩解變隨盉從哪裡來/,preserve,clean-filename-title-complete,Physical filename/title cleaned; public URL preserved by slug; display order follows GuidePosition.
bianque-mirror,扁鵲鏡經篇,Mirror_Classic _of_Bian_Que,Mirror_Classic _of_Bian_Que/為什麼同一個安還要分左右.md,Mirror_Classic _of_Bian_Que/14-為什麼同一個安還要分左右.md,en/Mirror_Classic _of_Bian_Que/為什麼同一個安還要分左右_英文.md,en/Mirror_Classic _of_Bian_Que/14-為什麼同一個安還要分左右_英文.md,為什麼同一個「安」還要分左右？,為什麼同一個「安」還要分左右？,Why Must the Same ‘An’ Still Be Distinguished by Left and Right?,14,14 為什麼同一個「安」還要分左右？,14 Why Must the Same ‘An’ Still Be Distinguished by Left and Right?,14,14,140,20,encoding,編碼,foundation,zh,bianque-mirror-014,https://cosmosorder.org/mirror_classic-_of_bian_que/14-%E7%82%BA%E4%BB%80%E9%BA%BC%E5%90%8C%E4%B8%80%E5%80%8B%E5%AE%89%E9%82%84%E8%A6%81%E5%88%86%E5%B7%A6%E5%8F%B3,/mirror_classic-_of_bian_que/14-為什麼同一個安還要分左右,14-為什麼同一個安還要分左右,/en/mirror_classic-_of_bian_que/14-為什麼同一個安還要分左右/,preserve,clean-filename-title-complete,Physical filename/title cleaned; public URL preserved by slug; display order follows GuidePosition.
bianque-mirror,扁鵲鏡經篇,Mirror_Classic _of_Bian_Que,Mirror_Classic _of_Bian_Que/從十音到兩千一百音-為什麼需要這麼大的狀態空間.md,Mirror_Classic _of_Bian_Que/15-從十音到兩千一百音-為什麼需要這麼大的狀態空間.md,en/Mirror_Classic _of_Bian_Que/從十音到兩千一百音-為什麼需要這麼大的狀態空間_英文.md,en/Mirror_Classic _of_Bian_Que/15-從十音到兩千一百音-為什麼需要這麼大的狀態空間_英文.md,從十音到兩千一百音：為什麼《鏡經》需要這麼大的狀態空間？,從十音到兩千一百音：為什麼《鏡經》需要這麼大的狀態空間？,From Ten Tones to Two Thousand One Hundred: Why Does the Mirror Classic Need Such a Large State Space?,15,15 從十音到兩千一百音：為什麼《鏡經》需要這麼大的狀態空間？,15 From Ten Tones to Two Thousand One Hundred: Why Does the Mirror Classic Need Such a Large State Space?,15,15,150,20,encoding,編碼,foundation,zh,bianque-mirror-015,https://cosmosorder.org/mirror_classic-_of_bian_que/15-%E5%BE%9E%E5%8D%81%E9%9F%B3%E5%88%B0%E5%85%A9%E5%8D%83%E4%B8%80%E7%99%BE%E9%9F%B3-%E7%82%BA%E4%BB%80%E9%BA%BC%E9%9C%80%E8%A6%81%E9%80%99%E9%BA%BC%E5%A4%A7%E7%9A%84%E7%8B%80%E6%85%8B%E7%A9%BA%E9%96%93,/mirror_classic-_of_bian_que/15-從十音到兩千一百音-為什麼需要這麼大的狀態空間,15-從十音到兩千一百音-為什麼需要這麼大的狀態空間,/en/mirror_classic-_of_bian_que/15-從十音到兩千一百音-為什麼需要這麼大的狀態空間/,preserve,clean-filename-title-complete,Physical filename/title cleaned; public URL preserved by slug; display order follows GuidePosition.
bianque-mirror,扁鵲鏡經篇,Mirror_Classic _of_Bian_Que,Mirror_Classic _of_Bian_Que/六十首到底是什麼-它不是六十首音樂.md,Mirror_Classic _of_Bian_Que/16-六十首到底是什麼-它不是六十首音樂.md,en/Mirror_Classic _of_Bian_Que/六十首到底是什麼-它不是六十首音樂_英文.md,en/Mirror_Classic _of_Bian_Que/16-六十首到底是什麼-它不是六十首音樂_英文.md,六十首到底是什麼？它不是六十首音樂,六十首到底是什麼？它不是六十首音樂,What Exactly Are the Sixty Shou? They Are Not Sixty Pieces of Music,16,16 六十首到底是什麼？它不是六十首音樂,16 What Exactly Are the Sixty Shou? They Are Not Sixty Pieces of Music,16,16,160,30,coordinates,座標,advanced,zh,bianque-mirror-016,https://cosmosorder.org/mirror_classic-_of_bian_que/16-%E5%85%AD%E5%8D%81%E9%A6%96%E5%88%B0%E5%BA%95%E6%98%AF%E4%BB%80%E9%BA%BC-%E5%AE%83%E4%B8%8D%E6%98%AF%E5%85%AD%E5%8D%81%E9%A6%96%E9%9F%B3%E6%A8%82,/mirror_classic-_of_bian_que/16-六十首到底是什麼-它不是六十首音樂,16-六十首到底是什麼-它不是六十首音樂,/en/mirror_classic-_of_bian_que/16-六十首到底是什麼-它不是六十首音樂/,preserve,clean-filename-title-complete,Physical filename/title cleaned; public URL preserved by slug; display order follows GuidePosition.
bianque-mirror,扁鵲鏡經篇,Mirror_Classic _of_Bian_Que,Mirror_Classic _of_Bian_Que/十二律為什麼會進入人體-六經與十二律的配對.md,Mirror_Classic _of_Bian_Que/17-十二律為什麼會進入人體-六經與十二律的配對.md,en/Mirror_Classic _of_Bian_Que/十二律為什麼會進入人體-六經與十二律的配對_英文.md,en/Mirror_Classic _of_Bian_Que/17-十二律為什麼會進入人體-六經與十二律的配對_英文.md,十二律為什麼會進入人體？六經與十二律的配對,十二律為什麼會進入人體？六經與十二律的配對,Why Do the Twelve Lü Enter the Human Body? Pairing the Six Channels with the Twelve Lü,17,17 十二律為什麼會進入人體？六經與十二律的配對,17 Why Do the Twelve Lü Enter the Human Body? Pairing the Six Channels with the Twelve Lü,17,17,170,30,coordinates,座標,advanced,zh,bianque-mirror-017,https://cosmosorder.org/mirror_classic-_of_bian_que/17-%E5%8D%81%E4%BA%8C%E5%BE%8B%E7%82%BA%E4%BB%80%E9%BA%BC%E6%9C%83%E9%80%B2%E5%85%A5%E4%BA%BA%E9%AB%94-%E5%85%AD%E7%B6%93%E8%88%87%E5%8D%81%E4%BA%8C%E5%BE%8B%E7%9A%84%E9%85%8D%E5%B0%8D,/mirror_classic-_of_bian_que/17-十二律為什麼會進入人體-六經與十二律的配對,17-十二律為什麼會進入人體-六經與十二律的配對,/en/mirror_classic-_of_bian_que/17-十二律為什麼會進入人體-六經與十二律的配對/,preserve,clean-filename-title-complete,Physical filename/title cleaned; public URL preserved by slug; display order follows GuidePosition.
bianque-mirror,扁鵲鏡經篇,Mirror_Classic _of_Bian_Que,Mirror_Classic _of_Bian_Que/六經不是六條線-經緯樞持與四維.md,Mirror_Classic _of_Bian_Que/18-六經不是六條線-經緯樞持與四維.md,en/Mirror_Classic _of_Bian_Que/六經不是六條線-經緯樞持與四維_英文.md,en/Mirror_Classic _of_Bian_Que/18-六經不是六條線-經緯樞持與四維_英文.md,六經不是六條線：經緯、樞持與四維,六經不是六條線：經緯、樞持與四維,"The Six Channels Are Not Six Lines: Warp and Weft, Pivot and Sustaining, and the Four Dimensions",18,18 六經不是六條線：經緯、樞持與四維,"18 The Six Channels Are Not Six Lines: Warp and Weft, Pivot and Sustaining, and the Four Dimensions",18,18,180,30,coordinates,座標,advanced,zh,bianque-mirror-018,https://cosmosorder.org/mirror_classic-_of_bian_que/18-%E5%85%AD%E7%B6%93%E4%B8%8D%E6%98%AF%E5%85%AD%E6%A2%9D%E7%B7%9A-%E7%B6%93%E7%B7%AF%E6%A8%9E%E6%8C%81%E8%88%87%E5%9B%9B%E7%B6%AD,/mirror_classic-_of_bian_que/18-六經不是六條線-經緯樞持與四維,18-六經不是六條線-經緯樞持與四維,/en/mirror_classic-_of_bian_que/18-六經不是六條線-經緯樞持與四維/,preserve,clean-filename-title-complete,Physical filename/title cleaned; public URL preserved by slug; display order follows GuidePosition.
bianque-mirror,扁鵲鏡經篇,Mirror_Classic _of_Bian_Que,Mirror_Classic _of_Bian_Que/十二律如何變成七十二舍.md,Mirror_Classic _of_Bian_Que/19-十二律如何變成七十二舍.md,en/Mirror_Classic _of_Bian_Que/十二律如何變成七十二舍_英文.md,en/Mirror_Classic _of_Bian_Que/19-十二律如何變成七十二舍_英文.md,十二律如何變成七十二舍？,十二律如何變成七十二舍？,How Do the Twelve Lü Become the Seventy-Two She?,19,19 十二律如何變成七十二舍？,19 How Do the Twelve Lü Become the Seventy-Two She?,19,19,190,30,coordinates,座標,advanced,zh,bianque-mirror-019,https://cosmosorder.org/mirror_classic-_of_bian_que/19-%E5%8D%81%E4%BA%8C%E5%BE%8B%E5%A6%82%E4%BD%95%E8%AE%8A%E6%88%90%E4%B8%83%E5%8D%81%E4%BA%8C%E8%88%8D,/mirror_classic-_of_bian_que/19-十二律如何變成七十二舍,19-十二律如何變成七十二舍,/en/mirror_classic-_of_bian_que/19-十二律如何變成七十二舍/,preserve,clean-filename-title-complete,Physical filename/title cleaned; public URL preserved by slug; display order follows GuidePosition.
bianque-mirror,扁鵲鏡經篇,Mirror_Classic _of_Bian_Que,Mirror_Classic _of_Bian_Que/順六十首與逆六十首-氣化不是靜態表格.md,Mirror_Classic _of_Bian_Que/20-順六十首與逆六十首-氣化不是靜態表格.md,en/Mirror_Classic _of_Bian_Que/順六十首與逆六十首-氣化不是靜態表格_英文.md,en/Mirror_Classic _of_Bian_Que/20-順六十首與逆六十首-氣化不是靜態表格_英文.md,順六十首與逆六十首：氣化不是靜態表格，而是一條路徑,順六十首與逆六十首：氣化不是靜態表格，而是一條路徑,"Forward and Reverse Sixty Shou: Qi Transformation Is a Path, Not a Static Table",20,20 順六十首與逆六十首：氣化不是靜態表格，而是一條路徑,"20 Forward and Reverse Sixty Shou: Qi Transformation Is a Path, Not a Static Table",20,20,200,30,coordinates,座標,advanced,zh,bianque-mirror-020,https://cosmosorder.org/mirror_classic-_of_bian_que/20-%E9%A0%86%E5%85%AD%E5%8D%81%E9%A6%96%E8%88%87%E9%80%86%E5%85%AD%E5%8D%81%E9%A6%96-%E6%B0%A3%E5%8C%96%E4%B8%8D%E6%98%AF%E9%9D%9C%E6%85%8B%E8%A1%A8%E6%A0%BC,/mirror_classic-_of_bian_que/20-順六十首與逆六十首-氣化不是靜態表格,20-順六十首與逆六十首-氣化不是靜態表格,/en/mirror_classic-_of_bian_que/20-順六十首與逆六十首-氣化不是靜態表格/,preserve,clean-filename-title-complete,Physical filename/title cleaned; public URL preserved by slug; display order follows GuidePosition.
bianque-mirror,扁鵲鏡經篇,Mirror_Classic _of_Bian_Que,Mirror_Classic _of_Bian_Que/首到底是什麼-為什麼診斷一定要先立首.md,Mirror_Classic _of_Bian_Que/21-首到底是什麼-為什麼診斷一定要先立首.md,en/Mirror_Classic _of_Bian_Que/首到底是什麼-為什麼診斷一定要先立首_英文.md,en/Mirror_Classic _of_Bian_Que/21-首到底是什麼-為什麼診斷一定要先立首_英文.md,「首」到底是什麼？為什麼診斷一定要先立首？,「首」到底是什麼？為什麼診斷一定要先立首？,What Is Shou? Why Must Diagnosis First Establish a Starting State?,21,21 「首」到底是什麼？為什麼診斷一定要先立首？,21 What Is Shou? Why Must Diagnosis First Establish a Starting State?,21,21,210,30,coordinates,座標,advanced,zh,bianque-mirror-021,https://cosmosorder.org/mirror_classic-_of_bian_que/21-%E9%A6%96%E5%88%B0%E5%BA%95%E6%98%AF%E4%BB%80%E9%BA%BC-%E7%82%BA%E4%BB%80%E9%BA%BC%E8%A8%BA%E6%96%B7%E4%B8%80%E5%AE%9A%E8%A6%81%E5%85%88%E7%AB%8B%E9%A6%96,/mirror_classic-_of_bian_que/21-首到底是什麼-為什麼診斷一定要先立首,21-首到底是什麼-為什麼診斷一定要先立首,/en/mirror_classic-_of_bian_que/21-首到底是什麼-為什麼診斷一定要先立首/,preserve,clean-filename-title-complete,Physical filename/title cleaned; public URL preserved by slug; display order follows GuidePosition.
bianque-mirror,扁鵲鏡經篇,Mirror_Classic _of_Bian_Que,Mirror_Classic _of_Bian_Que/首與舍-從一個狀態碼推出氣往哪裡走.md,Mirror_Classic _of_Bian_Que/22-首與舍-從一個狀態碼推出氣往哪裡走.md,en/Mirror_Classic _of_Bian_Que/首與舍-從一個狀態碼推出氣往哪裡走_英文.md,en/Mirror_Classic _of_Bian_Que/22-首與舍-從一個狀態碼推出氣往哪裡走_英文.md,首與舍：從一個狀態碼推出氣往哪裡走,首與舍：從一個狀態碼推出氣往哪裡走,Shou and She: From a State Code to Where Qi Goes,22,22 首與舍：從一個狀態碼推出氣往哪裡走,22 Shou and She: From a State Code to Where Qi Goes,22,22,220,30,coordinates,座標,advanced,zh,bianque-mirror-022,https://cosmosorder.org/mirror_classic-_of_bian_que/22-%E9%A6%96%E8%88%87%E8%88%8D-%E5%BE%9E%E4%B8%80%E5%80%8B%E7%8B%80%E6%85%8B%E7%A2%BC%E6%8E%A8%E5%87%BA%E6%B0%A3%E5%BE%80%E5%93%AA%E8%A3%A1%E8%B5%B0,/mirror_classic-_of_bian_que/22-首與舍-從一個狀態碼推出氣往哪裡走,22-首與舍-從一個狀態碼推出氣往哪裡走,/en/mirror_classic-_of_bian_que/22-首與舍-從一個狀態碼推出氣往哪裡走/,preserve,clean-filename-title-complete,Physical filename/title cleaned; public URL preserved by slug; display order follows GuidePosition.
bianque-mirror,扁鵲鏡經篇,Mirror_Classic _of_Bian_Que,Mirror_Classic _of_Bian_Que/走路為什麼是右手配左腳-鏡經的交叉經絡觀.md,Mirror_Classic _of_Bian_Que/23-走路為什麼是右手配左腳-鏡經的交叉經絡觀.md,en/Mirror_Classic _of_Bian_Que/走路為什麼是右手配左腳-鏡經的交叉經絡觀_英文.md,en/Mirror_Classic _of_Bian_Que/23-走路為什麼是右手配左腳-鏡經的交叉經絡觀_英文.md,走路為什麼是右手配左腳？《鏡經》的交叉經絡觀,走路為什麼是右手配左腳？《鏡經》的交叉經絡觀,Why Does the Right Hand Pair with the Left Foot in Walking? The Mirror Classic’s Cross-Channel View,23,23 走路為什麼是右手配左腳？《鏡經》的交叉經絡觀,23 Why Does the Right Hand Pair with the Left Foot in Walking? The Mirror Classic’s Cross-Channel View,23,23,230,40,network,網路,advanced,zh,bianque-mirror-023,https://cosmosorder.org/mirror_classic-_of_bian_que/23-%E8%B5%B0%E8%B7%AF%E7%82%BA%E4%BB%80%E9%BA%BC%E6%98%AF%E5%8F%B3%E6%89%8B%E9%85%8D%E5%B7%A6%E8%85%B3-%E9%8F%A1%E7%B6%93%E7%9A%84%E4%BA%A4%E5%8F%89%E7%B6%93%E7%B5%A1%E8%A7%80,/mirror_classic-_of_bian_que/23-走路為什麼是右手配左腳-鏡經的交叉經絡觀,23-走路為什麼是右手配左腳-鏡經的交叉經絡觀,/en/mirror_classic-_of_bian_que/23-走路為什麼是右手配左腳-鏡經的交叉經絡觀/,preserve,clean-filename-title-complete,Physical filename/title cleaned; public URL preserved by slug; display order follows GuidePosition.
bianque-mirror,扁鵲鏡經篇,Mirror_Classic _of_Bian_Que,Mirror_Classic _of_Bian_Que/溪谷節舍-氣到底在哪裡交換.md,Mirror_Classic _of_Bian_Que/24-溪谷節舍-氣到底在哪裡交換.md,en/Mirror_Classic _of_Bian_Que/溪谷節舍-氣到底在哪裡交換_英文.md,en/Mirror_Classic _of_Bian_Que/24-溪谷節舍-氣到底在哪裡交換_英文.md,溪、谷、節、舍：氣到底在哪裡交換？,溪、谷、節、舍：氣到底在哪裡交換？,"Streams, Valleys, Joints, and She: Where Does Qi Actually Meet?",24,24 溪、谷、節、舍：氣到底在哪裡交換？,"24 Streams, Valleys, Joints, and She: Where Does Qi Actually Meet?",24,24,240,40,network,網路,advanced,zh,bianque-mirror-024,https://cosmosorder.org/mirror_classic-_of_bian_que/24-%E6%BA%AA%E8%B0%B7%E7%AF%80%E8%88%8D-%E6%B0%A3%E5%88%B0%E5%BA%95%E5%9C%A8%E5%93%AA%E8%A3%A1%E4%BA%A4%E6%8F%9B,/mirror_classic-_of_bian_que/24-溪谷節舍-氣到底在哪裡交換,24-溪谷節舍-氣到底在哪裡交換,/en/mirror_classic-_of_bian_que/24-溪谷節舍-氣到底在哪裡交換/,preserve,clean-filename-title-complete,Physical filename/title cleaned; public URL preserved by slug; display order follows GuidePosition.
bianque-mirror,扁鵲鏡經篇,Mirror_Classic _of_Bian_Que,Mirror_Classic _of_Bian_Que/謙歸藏生動長育止壴-九氣是一條生命循環.md,Mirror_Classic _of_Bian_Que/25-謙歸藏生動長育止壴-九氣是一條生命循環.md,en/Mirror_Classic _of_Bian_Que/謙歸藏生動長育止壴-九氣是一條生命循環_英文.md,en/Mirror_Classic _of_Bian_Que/25-謙歸藏生動長育止壴-九氣是一條生命循環_英文.md,謙、歸、藏、生、動、長、育、止、壴：九氣是一條生命循環,謙、歸、藏、生、動、長、育、止、壴：九氣是一條生命循環,"Qian, Gui, Cang, Sheng, Dong, Zhang, Yu, Zhi, Zhuang: The Nine Qi as a Life Cycle",25,25 謙、歸、藏、生、動、長、育、止、壴：九氣是一條生命循環,"25 Qian, Gui, Cang, Sheng, Dong, Zhang, Yu, Zhi, Zhuang: The Nine Qi as a Life Cycle",25,25,250,40,network,網路,advanced,zh,bianque-mirror-025,https://cosmosorder.org/mirror_classic-_of_bian_que/25-%E8%AC%99%E6%AD%B8%E8%97%8F%E7%94%9F%E5%8B%95%E9%95%B7%E8%82%B2%E6%AD%A2%E5%A3%B4-%E4%B9%9D%E6%B0%A3%E6%98%AF%E4%B8%80%E6%A2%9D%E7%94%9F%E5%91%BD%E5%BE%AA%E7%92%B0,/mirror_classic-_of_bian_que/25-謙歸藏生動長育止壴-九氣是一條生命循環,25-謙歸藏生動長育止壴-九氣是一條生命循環,/en/mirror_classic-_of_bian_que/25-謙歸藏生動長育止壴-九氣是一條生命循環/,preserve,clean-filename-title-complete,Physical filename/title cleaned; public URL preserved by slug; display order follows GuidePosition.
bianque-mirror,扁鵲鏡經篇,Mirror_Classic _of_Bian_Que,Mirror_Classic _of_Bian_Que/專勝兼並通和-氣與氣相遇的六種基本關係.md,Mirror_Classic _of_Bian_Que/26-專勝兼並通和-氣與氣相遇的六種基本關係.md,en/Mirror_Classic _of_Bian_Que/專勝兼並通和-氣與氣相遇的六種基本關係_英文.md,en/Mirror_Classic _of_Bian_Que/26-專勝兼並通和-氣與氣相遇的六種基本關係_英文.md,專、勝、兼、並、通、和：氣與氣相遇的六種基本關係,專、勝、兼、並、通、和：氣與氣相遇的六種基本關係,"Zhuan, Sheng, Jian, Bing, Tong, He: Six Basic Relations When Qi Meets Qi",26,26 專、勝、兼、並、通、和：氣與氣相遇的六種基本關係,"26 Zhuan, Sheng, Jian, Bing, Tong, He: Six Basic Relations When Qi Meets Qi",26,26,260,40,network,網路,advanced,zh,bianque-mirror-026,https://cosmosorder.org/mirror_classic-_of_bian_que/26-%E5%B0%88%E5%8B%9D%E5%85%BC%E4%B8%A6%E9%80%9A%E5%92%8C-%E6%B0%A3%E8%88%87%E6%B0%A3%E7%9B%B8%E9%81%87%E7%9A%84%E5%85%AD%E7%A8%AE%E5%9F%BA%E6%9C%AC%E9%97%9C%E4%BF%82,/mirror_classic-_of_bian_que/26-專勝兼並通和-氣與氣相遇的六種基本關係,26-專勝兼並通和-氣與氣相遇的六種基本關係,/en/mirror_classic-_of_bian_que/26-專勝兼並通和-氣與氣相遇的六種基本關係/,preserve,clean-filename-title-complete,Physical filename/title cleaned; public URL preserved by slug; display order follows GuidePosition.
bianque-mirror,扁鵲鏡經篇,Mirror_Classic _of_Bian_Que,Mirror_Classic _of_Bian_Que/一個人同時有三層音-稟受由行與差移.md,Mirror_Classic _of_Bian_Que/27-一個人同時有三層音-稟受由行與差移.md,en/Mirror_Classic _of_Bian_Que/一個人同時有三層音-稟受由行與差移_英文.md,en/Mirror_Classic _of_Bian_Que/27-一個人同時有三層音-稟受由行與差移_英文.md,一個人同時有三層音：稟受、由行與差移,一個人同時有三層音：稟受、由行與差移,"One Person Has Three Layers of Tone: Endowment, Current Movement, and Shift",27,27 一個人同時有三層音：稟受、由行與差移,"27 One Person Has Three Layers of Tone: Endowment, Current Movement, and Shift",27,27,270,40,network,網路,advanced,zh,bianque-mirror-027,https://cosmosorder.org/mirror_classic-_of_bian_que/27-%E4%B8%80%E5%80%8B%E4%BA%BA%E5%90%8C%E6%99%82%E6%9C%89%E4%B8%89%E5%B1%A4%E9%9F%B3-%E7%A8%9F%E5%8F%97%E7%94%B1%E8%A1%8C%E8%88%87%E5%B7%AE%E7%A7%BB,/mirror_classic-_of_bian_que/27-一個人同時有三層音-稟受由行與差移,27-一個人同時有三層音-稟受由行與差移,/en/mirror_classic-_of_bian_que/27-一個人同時有三層音-稟受由行與差移/,preserve,clean-filename-title-complete,Physical filename/title cleaned; public URL preserved by slug; display order follows GuidePosition.
bianque-mirror,扁鵲鏡經篇,Mirror_Classic _of_Bian_Que,Mirror_Classic _of_Bian_Que/八舍真正記錄的是什麼-十二經如何跨手足配對.md,Mirror_Classic _of_Bian_Que/28-八舍真正記錄的是什麼-十二經如何跨手足配對.md,en/Mirror_Classic _of_Bian_Que/八舍真正記錄的是什麼-十二經如何跨手足配對_英文.md,en/Mirror_Classic _of_Bian_Que/28-八舍真正記錄的是什麼-十二經如何跨手足配對_英文.md,八舍真正記錄的是什麼？十二經如何跨手足配對,八舍真正記錄的是什麼？十二經如何跨手足配對,What Does the Eight-She Table Really Record? How the Twelve Channels Pair Across Hand and Foot,28,28 八舍真正記錄的是什麼？十二經如何跨手足配對,28 What Does the Eight-She Table Really Record? How the Twelve Channels Pair Across Hand and Foot,28,28,280,40,network,網路,advanced,zh,bianque-mirror-028,https://cosmosorder.org/mirror_classic-_of_bian_que/28-%E5%85%AB%E8%88%8D%E7%9C%9F%E6%AD%A3%E8%A8%98%E9%8C%84%E7%9A%84%E6%98%AF%E4%BB%80%E9%BA%BC-%E5%8D%81%E4%BA%8C%E7%B6%93%E5%A6%82%E4%BD%95%E8%B7%A8%E6%89%8B%E8%B6%B3%E9%85%8D%E5%B0%8D,/mirror_classic-_of_bian_que/28-八舍真正記錄的是什麼-十二經如何跨手足配對,28-八舍真正記錄的是什麼-十二經如何跨手足配對,/en/mirror_classic-_of_bian_que/28-八舍真正記錄的是什麼-十二經如何跨手足配對/,preserve,clean-filename-title-complete,Physical filename/title cleaned; public URL preserved by slug; display order follows GuidePosition.
bianque-mirror,扁鵲鏡經篇,Mirror_Classic _of_Bian_Que,Mirror_Classic _of_Bian_Que/七十二舍與七十三舍-位置與運動只差一個數字.md,Mirror_Classic _of_Bian_Que/29-七十二舍與七十三舍-位置與運動只差一個數字.md,en/Mirror_Classic _of_Bian_Que/七十二舍與七十三舍-位置與運動只差一個數字_英文.md,en/Mirror_Classic _of_Bian_Que/29-七十二舍與七十三舍-位置與運動只差一個數字_英文.md,七十二舍與七十三舍：位置與運動只差一個數字,七十二舍與七十三舍：位置與運動只差一個數字,Seventy-Two She and Seventy-Three She: State and Movement Differ by One Number,29,29 七十二舍與七十三舍：位置與運動只差一個數字,29 Seventy-Two She and Seventy-Three She: State and Movement Differ by One Number,29,29,290,40,network,網路,advanced,zh,bianque-mirror-029,https://cosmosorder.org/mirror_classic-_of_bian_que/29-%E4%B8%83%E5%8D%81%E4%BA%8C%E8%88%8D%E8%88%87%E4%B8%83%E5%8D%81%E4%B8%89%E8%88%8D-%E4%BD%8D%E7%BD%AE%E8%88%87%E9%81%8B%E5%8B%95%E5%8F%AA%E5%B7%AE%E4%B8%80%E5%80%8B%E6%95%B8%E5%AD%97,/mirror_classic-_of_bian_que/29-七十二舍與七十三舍-位置與運動只差一個數字,29-七十二舍與七十三舍-位置與運動只差一個數字,/en/mirror_classic-_of_bian_que/29-七十二舍與七十三舍-位置與運動只差一個數字/,preserve,clean-filename-title-complete,Physical filename/title cleaned; public URL preserved by slug; display order follows GuidePosition.
bianque-mirror,扁鵲鏡經篇,Mirror_Classic _of_Bian_Que,Mirror_Classic _of_Bian_Que/從謙歸黃鐘看完整氣化鏈-三焦募原與沖任督蹺.md,Mirror_Classic _of_Bian_Que/30-從謙歸黃鐘看完整氣化鏈-三焦募原與沖任督蹺.md,en/Mirror_Classic _of_Bian_Que/從謙歸黃鐘看完整氣化鏈-三焦募原與沖任督蹺_英文.md,en/Mirror_Classic _of_Bian_Que/30-從謙歸黃鐘看完整氣化鏈-三焦募原與沖任督蹺_英文.md,從「謙歸黃鐘」看完整氣化鏈：三焦、募原與沖任督蹺,從「謙歸黃鐘」看完整氣化鏈：三焦、募原與沖任督蹺,"A Complete Qi-Transformation Chain through Qian-Gui-Huangzhong: Sanjiao, Moyuan, Chong, Ren, Du, and Qiao",30,30 從「謙歸黃鐘」看完整氣化鏈：三焦、募原與沖任督蹺,"30 A Complete Qi-Transformation Chain through Qian-Gui-Huangzhong: Sanjiao, Moyuan, Chong, Ren, Du, and Qiao",30,30,300,40,network,網路,advanced,zh,bianque-mirror-030,https://cosmosorder.org/mirror_classic-_of_bian_que/30-%E5%BE%9E%E8%AC%99%E6%AD%B8%E9%BB%83%E9%90%98%E7%9C%8B%E5%AE%8C%E6%95%B4%E6%B0%A3%E5%8C%96%E9%8F%88-%E4%B8%89%E7%84%A6%E5%8B%9F%E5%8E%9F%E8%88%87%E6%B2%96%E4%BB%BB%E7%9D%A3%E8%B9%BA,/mirror_classic-_of_bian_que/30-從謙歸黃鐘看完整氣化鏈-三焦募原與沖任督蹺,30-從謙歸黃鐘看完整氣化鏈-三焦募原與沖任督蹺,/en/mirror_classic-_of_bian_que/30-從謙歸黃鐘看完整氣化鏈-三焦募原與沖任督蹺/,preserve,clean-filename-title-complete,Physical filename/title cleaned; public URL preserved by slug; display order follows GuidePosition.
bianque-mirror,扁鵲鏡經篇,Mirror_Classic _of_Bian_Que,Mirror_Classic _of_Bian_Que/什麼叫通天-人不是封閉系統.md,Mirror_Classic _of_Bian_Que/31-什麼叫通天-人不是封閉系統.md,en/Mirror_Classic _of_Bian_Que/什麼叫通天-人不是封閉系統_英文.md,en/Mirror_Classic _of_Bian_Que/31-什麼叫通天-人不是封閉系統_英文.md,什麼叫「通天」？人不是封閉系統,什麼叫「通天」？人不是封閉系統,What Does “Connecting with Heaven” Mean? The Human Being Is Not a Closed System,31,31 什麼叫「通天」？人不是封閉系統,31 What Does “Connecting with Heaven” Mean? The Human Being Is Not a Closed System,31,31,310,50,external-input,外部輸入,advanced,zh,bianque-mirror-031,https://cosmosorder.org/mirror_classic-_of_bian_que/31-%E4%BB%80%E9%BA%BC%E5%8F%AB%E9%80%9A%E5%A4%A9-%E4%BA%BA%E4%B8%8D%E6%98%AF%E5%B0%81%E9%96%89%E7%B3%BB%E7%B5%B1,/mirror_classic-_of_bian_que/31-什麼叫通天-人不是封閉系統,31-什麼叫通天-人不是封閉系統,/en/mirror_classic-_of_bian_que/31-什麼叫通天-人不是封閉系統/,preserve,clean-filename-title-complete,Physical filename/title cleaned; public URL preserved by slug; display order follows GuidePosition.
bianque-mirror,扁鵲鏡經篇,Mirror_Classic _of_Bian_Que,Mirror_Classic _of_Bian_Que/天有六氣地有六味人有情志-三種輸入如何進入同一系統.md,Mirror_Classic _of_Bian_Que/32-天有六氣地有六味人有情志-三種輸入如何進入同一系統.md,en/Mirror_Classic _of_Bian_Que/天有六氣地有六味人有情志-三種輸入如何進入同一系統_英文.md,en/Mirror_Classic _of_Bian_Que/32-天有六氣地有六味人有情志-三種輸入如何進入同一系統_英文.md,天有六氣、地有六味、人有情志：三種輸入如何進入同一系統,天有六氣、地有六味、人有情志：三種輸入如何進入同一系統,"Heaven Has Six Qi, Earth Has Six Tastes, Humans Have Emotions: How Three Inputs Enter One System",32,32 天有六氣、地有六味、人有情志：三種輸入如何進入同一系統,"32 Heaven Has Six Qi, Earth Has Six Tastes, Humans Have Emotions: How Three Inputs Enter One System",32,32,320,50,external-input,外部輸入,advanced,zh,bianque-mirror-032,https://cosmosorder.org/mirror_classic-_of_bian_que/32-%E5%A4%A9%E6%9C%89%E5%85%AD%E6%B0%A3%E5%9C%B0%E6%9C%89%E5%85%AD%E5%91%B3%E4%BA%BA%E6%9C%89%E6%83%85%E5%BF%97-%E4%B8%89%E7%A8%AE%E8%BC%B8%E5%85%A5%E5%A6%82%E4%BD%95%E9%80%B2%E5%85%A5%E5%90%8C%E4%B8%80%E7%B3%BB%E7%B5%B1,/mirror_classic-_of_bian_que/32-天有六氣地有六味人有情志-三種輸入如何進入同一系統,32-天有六氣地有六味人有情志-三種輸入如何進入同一系統,/en/mirror_classic-_of_bian_que/32-天有六氣地有六味人有情志-三種輸入如何進入同一系統/,preserve,clean-filename-title-complete,Physical filename/title cleaned; public URL preserved by slug; display order follows GuidePosition.
bianque-mirror,扁鵲鏡經篇,Mirror_Classic _of_Bian_Que,Mirror_Classic _of_Bian_Que/專勝兼並通和-跨自然與人體的六態模型.md,Mirror_Classic _of_Bian_Que/33-專勝兼並通和-跨自然與人體的六態模型.md,en/Mirror_Classic _of_Bian_Que/專勝兼並通和-跨自然與人體的六態模型_英文.md,en/Mirror_Classic _of_Bian_Que/33-專勝兼並通和-跨自然與人體的六態模型_英文.md,專、勝、兼、並、通、和：跨自然與人體的六態模型,專、勝、兼、並、通、和：跨自然與人體的六態模型,"Zhuan, Sheng, Jian, Bing, Tong, He: A Six-State Model Across Nature and the Human Body",33,33 專、勝、兼、並、通、和：跨自然與人體的六態模型,"33 Zhuan, Sheng, Jian, Bing, Tong, He: A Six-State Model Across Nature and the Human Body",33,33,330,50,external-input,外部輸入,advanced,zh,bianque-mirror-033,https://cosmosorder.org/mirror_classic-_of_bian_que/33-%E5%B0%88%E5%8B%9D%E5%85%BC%E4%B8%A6%E9%80%9A%E5%92%8C-%E8%B7%A8%E8%87%AA%E7%84%B6%E8%88%87%E4%BA%BA%E9%AB%94%E7%9A%84%E5%85%AD%E6%85%8B%E6%A8%A1%E5%9E%8B,/mirror_classic-_of_bian_que/33-專勝兼並通和-跨自然與人體的六態模型,33-專勝兼並通和-跨自然與人體的六態模型,/en/mirror_classic-_of_bian_que/33-專勝兼並通和-跨自然與人體的六態模型/,preserve,clean-filename-title-complete,Physical filename/title cleaned; public URL preserved by slug; display order follows GuidePosition.
bianque-mirror,扁鵲鏡經篇,Mirror_Classic _of_Bian_Que,Mirror_Classic _of_Bian_Que/兩種味相遇會發生什麼-十五種味化組合.md,Mirror_Classic _of_Bian_Que/34-兩種味相遇會發生什麼-十五種味化組合.md,en/Mirror_Classic _of_Bian_Que/兩種味相遇會發生什麼-十五種味化組合_英文.md,en/Mirror_Classic _of_Bian_Que/34-兩種味相遇會發生什麼-十五種味化組合_英文.md,兩種味相遇會發生什麼？十五種味化組合,兩種味相遇會發生什麼？十五種味化組合,What Happens When Two Tastes Meet? Fifteen Pairwise Taste Transformations,34,34 兩種味相遇會發生什麼？十五種味化組合,34 What Happens When Two Tastes Meet? Fifteen Pairwise Taste Transformations,34,34,340,50,external-input,外部輸入,advanced,zh,bianque-mirror-034,https://cosmosorder.org/mirror_classic-_of_bian_que/34-%E5%85%A9%E7%A8%AE%E5%91%B3%E7%9B%B8%E9%81%87%E6%9C%83%E7%99%BC%E7%94%9F%E4%BB%80%E9%BA%BC-%E5%8D%81%E4%BA%94%E7%A8%AE%E5%91%B3%E5%8C%96%E7%B5%84%E5%90%88,/mirror_classic-_of_bian_que/34-兩種味相遇會發生什麼-十五種味化組合,34-兩種味相遇會發生什麼-十五種味化組合,/en/mirror_classic-_of_bian_que/34-兩種味相遇會發生什麼-十五種味化組合/,preserve,clean-filename-title-complete,Physical filename/title cleaned; public URL preserved by slug; display order follows GuidePosition.
bianque-mirror,扁鵲鏡經篇,Mirror_Classic _of_Bian_Que,Mirror_Classic _of_Bian_Que/情緒也有合成效應-十五種五志之化.md,Mirror_Classic _of_Bian_Que/35-情緒也有合成效應-十五種五志之化.md,en/Mirror_Classic _of_Bian_Que/情緒也有合成效應-十五種五志之化_英文.md,en/Mirror_Classic _of_Bian_Que/35-情緒也有合成效應-十五種五志之化_英文.md,情緒也有「合成效應」：十五種五志之化,情緒也有「合成效應」：十五種五志之化,Emotions Also Have “Composite Effects”: Fifteen Transformations of the Five Intentions,35,35 情緒也有「合成效應」：十五種五志之化,35 Emotions Also Have “Composite Effects”: Fifteen Transformations of the Five Intentions,35,35,350,50,external-input,外部輸入,advanced,zh,bianque-mirror-035,https://cosmosorder.org/mirror_classic-_of_bian_que/35-%E6%83%85%E7%B7%92%E4%B9%9F%E6%9C%89%E5%90%88%E6%88%90%E6%95%88%E6%87%89-%E5%8D%81%E4%BA%94%E7%A8%AE%E4%BA%94%E5%BF%97%E4%B9%8B%E5%8C%96,/mirror_classic-_of_bian_que/35-情緒也有合成效應-十五種五志之化,35-情緒也有合成效應-十五種五志之化,/en/mirror_classic-_of_bian_que/35-情緒也有合成效應-十五種五志之化/,preserve,clean-filename-title-complete,Physical filename/title cleaned; public URL preserved by slug; display order follows GuidePosition.
bianque-mirror,扁鵲鏡經篇,Mirror_Classic _of_Bian_Que,Mirror_Classic _of_Bian_Que/精食氣形食味-形氣精如何互相轉換.md,Mirror_Classic _of_Bian_Que/36-精食氣形食味-形氣精如何互相轉換.md,en/Mirror_Classic _of_Bian_Que/精食氣形食味-形氣精如何互相轉換_英文.md,en/Mirror_Classic _of_Bian_Que/36-精食氣形食味-形氣精如何互相轉換_英文.md,「精食氣，形食味」：形、氣、精如何互相轉換？,「精食氣，形食味」：形、氣、精如何互相轉換？,"“Essence Feeds on Qi, Form Feeds on Taste”: How Form, Qi, and Essence Transform into One Another",36,36 「精食氣，形食味」：形、氣、精如何互相轉換？,"36 “Essence Feeds on Qi, Form Feeds on Taste”: How Form, Qi, and Essence Transform into One Another",36,36,360,50,external-input,外部輸入,advanced,zh,bianque-mirror-036,https://cosmosorder.org/mirror_classic-_of_bian_que/36-%E7%B2%BE%E9%A3%9F%E6%B0%A3%E5%BD%A2%E9%A3%9F%E5%91%B3-%E5%BD%A2%E6%B0%A3%E7%B2%BE%E5%A6%82%E4%BD%95%E4%BA%92%E7%9B%B8%E8%BD%89%E6%8F%9B,/mirror_classic-_of_bian_que/36-精食氣形食味-形氣精如何互相轉換,36-精食氣形食味-形氣精如何互相轉換,/en/mirror_classic-_of_bian_que/36-精食氣形食味-形氣精如何互相轉換/,preserve,clean-filename-title-complete,Physical filename/title cleaned; public URL preserved by slug; display order follows GuidePosition.
bianque-mirror,扁鵲鏡經篇,Mirror_Classic _of_Bian_Que,Mirror_Classic _of_Bian_Que/風雷谷雨川海天真-九氣如何落到臟腑.md,Mirror_Classic _of_Bian_Que/37-風雷谷雨川海天真-九氣如何落到臟腑.md,en/Mirror_Classic _of_Bian_Que/風雷谷雨川海天真-九氣如何落到臟腑_英文.md,en/Mirror_Classic _of_Bian_Que/37-風雷谷雨川海天真-九氣如何落到臟腑_英文.md,風、雷、谷、雨、川、海、天、真：九氣如何落到臟腑？,風、雷、谷、雨、川、海、天、真：九氣如何落到臟腑？,"Wind, Thunder, Grain, Rain, River, Sea, Heaven, True Qi: How the Nine Qi Enter Zang-Fu Networks",37,37 風、雷、谷、雨、川、海、天、真：九氣如何落到臟腑？,"37 Wind, Thunder, Grain, Rain, River, Sea, Heaven, True Qi: How the Nine Qi Enter Zang-Fu Networks",37,37,370,50,external-input,外部輸入,advanced,zh,bianque-mirror-037,https://cosmosorder.org/mirror_classic-_of_bian_que/37-%E9%A2%A8%E9%9B%B7%E8%B0%B7%E9%9B%A8%E5%B7%9D%E6%B5%B7%E5%A4%A9%E7%9C%9F-%E4%B9%9D%E6%B0%A3%E5%A6%82%E4%BD%95%E8%90%BD%E5%88%B0%E8%87%9F%E8%85%91,/mirror_classic-_of_bian_que/37-風雷谷雨川海天真-九氣如何落到臟腑,37-風雷谷雨川海天真-九氣如何落到臟腑,/en/mirror_classic-_of_bian_que/37-風雷谷雨川海天真-九氣如何落到臟腑/,preserve,clean-filename-title-complete,Physical filename/title cleaned; public URL preserved by slug; display order follows GuidePosition.
bianque-mirror,扁鵲鏡經篇,Mirror_Classic _of_Bian_Que,Mirror_Classic _of_Bian_Que/人體有多少個海-鏡經的全身交換網路.md,Mirror_Classic _of_Bian_Que/38-人體有多少個海-鏡經的全身交換網路.md,en/Mirror_Classic _of_Bian_Que/人體有多少個海-鏡經的全身交換網路_英文.md,en/Mirror_Classic _of_Bian_Que/38-人體有多少個海-鏡經的全身交換網路_英文.md,人體有多少個「海」？《鏡經》的全身交換網路,人體有多少個「海」？《鏡經》的全身交換網路,How Many “Seas” Does the Human Body Have? The Mirror Classic’s Whole-Body Exchange Network,38,38 人體有多少個「海」？《鏡經》的全身交換網路,38 How Many “Seas” Does the Human Body Have? The Mirror Classic’s Whole-Body Exchange Network,38,38,380,50,external-input,外部輸入,advanced,zh,bianque-mirror-038,https://cosmosorder.org/mirror_classic-_of_bian_que/38-%E4%BA%BA%E9%AB%94%E6%9C%89%E5%A4%9A%E5%B0%91%E5%80%8B%E6%B5%B7-%E9%8F%A1%E7%B6%93%E7%9A%84%E5%85%A8%E8%BA%AB%E4%BA%A4%E6%8F%9B%E7%B6%B2%E8%B7%AF,/mirror_classic-_of_bian_que/38-人體有多少個海-鏡經的全身交換網路,38-人體有多少個海-鏡經的全身交換網路,/en/mirror_classic-_of_bian_que/38-人體有多少個海-鏡經的全身交換網路/,preserve,clean-filename-title-complete,Physical filename/title cleaned; public URL preserved by slug; display order follows GuidePosition.
bianque-mirror,扁鵲鏡經篇,Mirror_Classic _of_Bian_Que,Mirror_Classic _of_Bian_Que/寸關尺其實不只三格-什麼是二十七候.md,Mirror_Classic _of_Bian_Que/39-寸關尺其實不只三格-什麼是二十七候.md,en/Mirror_Classic _of_Bian_Que/寸關尺其實不只三格-什麼是二十七候_英文.md,en/Mirror_Classic _of_Bian_Que/39-寸關尺其實不只三格-什麼是二十七候_英文.md,寸關尺其實不只三格：什麼是二十七候？,寸關尺其實不只三格：什麼是二十七候？,"Cun, Guan, and Chi Are Not Just Three Boxes: What Are the Twenty-Seven Hou?",39,39 寸關尺其實不只三格：什麼是二十七候？,"39 Cun, Guan, and Chi Are Not Just Three Boxes: What Are the Twenty-Seven Hou?",39,39,390,60,observation,觀測,advanced,zh,bianque-mirror-039,https://cosmosorder.org/mirror_classic-_of_bian_que/39-%E5%AF%B8%E9%97%9C%E5%B0%BA%E5%85%B6%E5%AF%A6%E4%B8%8D%E5%8F%AA%E4%B8%89%E6%A0%BC-%E4%BB%80%E9%BA%BC%E6%98%AF%E4%BA%8C%E5%8D%81%E4%B8%83%E5%80%99,/mirror_classic-_of_bian_que/39-寸關尺其實不只三格-什麼是二十七候,39-寸關尺其實不只三格-什麼是二十七候,/en/mirror_classic-_of_bian_que/39-寸關尺其實不只三格-什麼是二十七候/,preserve,clean-filename-title-complete,Physical filename/title cleaned; public URL preserved by slug; display order follows GuidePosition.
bianque-mirror,扁鵲鏡經篇,Mirror_Classic _of_Bian_Que,Mirror_Classic _of_Bian_Que/周差進斷毅悅昆斂致-二十七個名字到底在標什麼.md,Mirror_Classic _of_Bian_Que/40-周差進斷毅悅昆斂致-二十七個名字到底在標什麼.md,en/Mirror_Classic _of_Bian_Que/周差進斷毅悅昆斂致-二十七個名字到底在標什麼_英文.md,en/Mirror_Classic _of_Bian_Que/40-周差進斷毅悅昆斂致-二十七個名字到底在標什麼_英文.md,周差進斷、毅悅昆斂致……二十七個名字到底在標什麼？,周差進斷、毅悅昆斂致……二十七個名字到底在標什麼？,"Zhou, Cha, Jin, Duan; Yi, Yue, Kun, Lian, Zhi… What Do the Twenty-Seven Names Mark?",40,40 周差進斷、毅悅昆斂致……二十七個名字到底在標什麼？,"40 Zhou, Cha, Jin, Duan; Yi, Yue, Kun, Lian, Zhi… What Do the Twenty-Seven Names Mark?",40,40,400,60,observation,觀測,advanced,zh,bianque-mirror-040,https://cosmosorder.org/mirror_classic-_of_bian_que/40-%E5%91%A8%E5%B7%AE%E9%80%B2%E6%96%B7%E6%AF%85%E6%82%85%E6%98%86%E6%96%82%E8%87%B4-%E4%BA%8C%E5%8D%81%E4%B8%83%E5%80%8B%E5%90%8D%E5%AD%97%E5%88%B0%E5%BA%95%E5%9C%A8%E6%A8%99%E4%BB%80%E9%BA%BC,/mirror_classic-_of_bian_que/40-周差進斷毅悅昆斂致-二十七個名字到底在標什麼,40-周差進斷毅悅昆斂致-二十七個名字到底在標什麼,/en/mirror_classic-_of_bian_que/40-周差進斷毅悅昆斂致-二十七個名字到底在標什麼/,preserve,clean-filename-title-complete,Physical filename/title cleaned; public URL preserved by slug; display order follows GuidePosition.
bianque-mirror,扁鵲鏡經篇,Mirror_Classic _of_Bian_Que,Mirror_Classic _of_Bian_Que/怎樣讀懂一句謙歸周質安黃鐘.md,Mirror_Classic _of_Bian_Que/41-怎樣讀懂一句謙歸周質安黃鐘.md,en/Mirror_Classic _of_Bian_Que/怎樣讀懂一句謙歸周質安黃鐘_英文.md,en/Mirror_Classic _of_Bian_Que/41-怎樣讀懂一句謙歸周質安黃鐘_英文.md,怎樣讀懂一句「謙歸周，質安黃鐘」？,怎樣讀懂一句「謙歸周，質安黃鐘」？,"How Do We Read “Qian-Gui-Zhou, Zhi-An-Huangzhong”? Decoding a Complete Mirror Classic State Code",41,41 怎樣讀懂一句「謙歸周，質安黃鐘」？,"41 How Do We Read “Qian-Gui-Zhou, Zhi-An-Huangzhong”? Decoding a Complete Mirror Classic State Code",41,41,410,60,observation,觀測,advanced,zh,bianque-mirror-041,https://cosmosorder.org/mirror_classic-_of_bian_que/41-%E6%80%8E%E6%A8%A3%E8%AE%80%E6%87%82%E4%B8%80%E5%8F%A5%E8%AC%99%E6%AD%B8%E5%91%A8%E8%B3%AA%E5%AE%89%E9%BB%83%E9%90%98,/mirror_classic-_of_bian_que/41-怎樣讀懂一句謙歸周質安黃鐘,41-怎樣讀懂一句謙歸周質安黃鐘,/en/mirror_classic-_of_bian_que/41-怎樣讀懂一句謙歸周質安黃鐘/,preserve,clean-filename-title-complete,Physical filename/title cleaned; public URL preserved by slug; display order follows GuidePosition.
bianque-mirror,扁鵲鏡經篇,Mirror_Classic _of_Bian_Que,Mirror_Classic _of_Bian_Que/一舍三候一候八舍-候和舍不是同一件事.md,Mirror_Classic _of_Bian_Que/42-一舍三候一候八舍-候和舍不是同一件事.md,en/Mirror_Classic _of_Bian_Que/一舍三候一候八舍-候和舍不是同一件事_英文.md,en/Mirror_Classic _of_Bian_Que/42-一舍三候一候八舍-候和舍不是同一件事_英文.md,一舍三候、一候八舍：候和舍不是同一件事,一舍三候、一候八舍：候和舍不是同一件事,"One She Contains Three Hou, One Hou Relates to Eight She: Hou and She Are Not the Same Layer",42,42 一舍三候、一候八舍：候和舍不是同一件事,"42 One She Contains Three Hou, One Hou Relates to Eight She: Hou and She Are Not the Same Layer",42,42,420,60,observation,觀測,advanced,zh,bianque-mirror-042,https://cosmosorder.org/mirror_classic-_of_bian_que/42-%E4%B8%80%E8%88%8D%E4%B8%89%E5%80%99%E4%B8%80%E5%80%99%E5%85%AB%E8%88%8D-%E5%80%99%E5%92%8C%E8%88%8D%E4%B8%8D%E6%98%AF%E5%90%8C%E4%B8%80%E4%BB%B6%E4%BA%8B,/mirror_classic-_of_bian_que/42-一舍三候一候八舍-候和舍不是同一件事,42-一舍三候一候八舍-候和舍不是同一件事,/en/mirror_classic-_of_bian_que/42-一舍三候一候八舍-候和舍不是同一件事/,preserve,clean-filename-title-complete,Physical filename/title cleaned; public URL preserved by slug; display order follows GuidePosition.
bianque-mirror,扁鵲鏡經篇,Mirror_Classic _of_Bian_Que,Mirror_Classic _of_Bian_Que/五十營怎樣穿過二十七候-從單點脈診變成時間序列.md,Mirror_Classic _of_Bian_Que/43-五十營怎樣穿過二十七候-從單點脈診變成時間序列.md,en/Mirror_Classic _of_Bian_Que/五十營怎樣穿過二十七候-從單點脈診變成時間序列_英文.md,en/Mirror_Classic _of_Bian_Que/43-五十營怎樣穿過二十七候-從單點脈診變成時間序列_英文.md,五十營怎樣穿過二十七候？從單點脈診變成時間序列,五十營怎樣穿過二十七候？從單點脈診變成時間序列,How Do the Fifty Circulations Pass Through the Twenty-Seven Hou? From Single Pulse Point to Time Series,43,43 五十營怎樣穿過二十七候？從單點脈診變成時間序列,43 How Do the Fifty Circulations Pass Through the Twenty-Seven Hou? From Single Pulse Point to Time Series,43,43,430,60,observation,觀測,advanced,zh,bianque-mirror-043,https://cosmosorder.org/mirror_classic-_of_bian_que/43-%E4%BA%94%E5%8D%81%E7%87%9F%E6%80%8E%E6%A8%A3%E7%A9%BF%E9%81%8E%E4%BA%8C%E5%8D%81%E4%B8%83%E5%80%99-%E5%BE%9E%E5%96%AE%E9%BB%9E%E8%84%88%E8%A8%BA%E8%AE%8A%E6%88%90%E6%99%82%E9%96%93%E5%BA%8F%E5%88%97,/mirror_classic-_of_bian_que/43-五十營怎樣穿過二十七候-從單點脈診變成時間序列,43-五十營怎樣穿過二十七候-從單點脈診變成時間序列,/en/mirror_classic-_of_bian_que/43-五十營怎樣穿過二十七候-從單點脈診變成時間序列/,preserve,clean-filename-title-complete,Physical filename/title cleaned; public URL preserved by slug; display order follows GuidePosition.
bianque-mirror,扁鵲鏡經篇,Mirror_Classic _of_Bian_Que,Mirror_Classic _of_Bian_Que/什麼是奇恒-異常必須從正常模型中定義.md,Mirror_Classic _of_Bian_Que/44-什麼是奇恒-異常必須從正常模型中定義.md,en/Mirror_Classic _of_Bian_Que/什麼是奇恒-異常必須從正常模型中定義_英文.md,en/Mirror_Classic _of_Bian_Que/44-什麼是奇恒-異常必須從正常模型中定義_英文.md,什麼是「奇恒」？異常必須從正常模型中定義,什麼是「奇恒」？異常必須從正常模型中定義,What Is Qiheng? Abnormality Must Be Defined from a Model of Normality,44,44 什麼是「奇恒」？異常必須從正常模型中定義,44 What Is Qiheng? Abnormality Must Be Defined from a Model of Normality,44,44,440,70,diagnosis,診斷,research,zh,bianque-mirror-044,https://cosmosorder.org/mirror_classic-_of_bian_que/44-%E4%BB%80%E9%BA%BC%E6%98%AF%E5%A5%87%E6%81%92-%E7%95%B0%E5%B8%B8%E5%BF%85%E9%A0%88%E5%BE%9E%E6%AD%A3%E5%B8%B8%E6%A8%A1%E5%9E%8B%E4%B8%AD%E5%AE%9A%E7%BE%A9,/mirror_classic-_of_bian_que/44-什麼是奇恒-異常必須從正常模型中定義,44-什麼是奇恒-異常必須從正常模型中定義,/en/mirror_classic-_of_bian_que/44-什麼是奇恒-異常必須從正常模型中定義/,preserve,clean-filename-title-complete,Physical filename/title cleaned; public URL preserved by slug; display order follows GuidePosition.
bianque-mirror,扁鵲鏡經篇,Mirror_Classic _of_Bian_Que,Mirror_Classic _of_Bian_Que/寸口和脈口不是一回事-三寸九野與二十七候.md,Mirror_Classic _of_Bian_Que/46-寸口和脈口不是一回事-三寸九野與二十七候.md,en/Mirror_Classic _of_Bian_Que/寸口和脈口不是一回事-三寸九野與二十七候_英文.md,en/Mirror_Classic _of_Bian_Que/46-寸口和脈口不是一回事-三寸九野與二十七候_英文.md,寸口和脈口不是一回事：三寸、九野與二十七候,寸口和脈口不是一回事：三寸、九野與二十七候,"Cun Mouth and Pulse Mouth Are Not the Same Thing: Three Cun, Nine Fields, and Twenty-Seven Hou",45,45 寸口和脈口不是一回事：三寸、九野與二十七候,"45 Cun Mouth and Pulse Mouth Are Not the Same Thing: Three Cun, Nine Fields, and Twenty-Seven Hou",46,45,450,70,diagnosis,診斷,research,zh,bianque-mirror-046,https://cosmosorder.org/mirror_classic-_of_bian_que/46-%E5%AF%B8%E5%8F%A3%E5%92%8C%E8%84%88%E5%8F%A3%E4%B8%8D%E6%98%AF%E4%B8%80%E5%9B%9E%E4%BA%8B-%E4%B8%89%E5%AF%B8%E4%B9%9D%E9%87%8E%E8%88%87%E4%BA%8C%E5%8D%81%E4%B8%83%E5%80%99,/mirror_classic-_of_bian_que/46-寸口和脈口不是一回事-三寸九野與二十七候,46-寸口和脈口不是一回事-三寸九野與二十七候,/en/mirror_classic-_of_bian_que/46-寸口和脈口不是一回事-三寸九野與二十七候/,preserve,clean-filename-title-complete,Physical filename/title cleaned; public URL preserved by slug; display order follows GuidePosition.
bianque-mirror,扁鵲鏡經篇,Mirror_Classic _of_Bian_Que,Mirror_Classic _of_Bian_Que/氣口為什麼要量三寸-寸關尺是三種來源的氣.md,Mirror_Classic _of_Bian_Que/45-氣口為什麼要量三寸-寸關尺是三種來源的氣.md,en/Mirror_Classic _of_Bian_Que/氣口為什麼要量三寸-寸關尺是三種來源的氣_英文.md,en/Mirror_Classic _of_Bian_Que/45-氣口為什麼要量三寸-寸關尺是三種來源的氣_英文.md,氣口為什麼要量三寸？寸、關、尺是三種來源的氣,氣口為什麼要量三寸？寸、關、尺是三種來源的氣,"Why Measure Three Cun at the Qi Mouth? Cun, Guan, and Chi Represent Three Sources of Qi",46,46 氣口為什麼要量三寸？寸、關、尺是三種來源的氣,"46 Why Measure Three Cun at the Qi Mouth? Cun, Guan, and Chi Represent Three Sources of Qi",45,46,460,70,diagnosis,診斷,research,zh,bianque-mirror-045,https://cosmosorder.org/mirror_classic-_of_bian_que/45-%E6%B0%A3%E5%8F%A3%E7%82%BA%E4%BB%80%E9%BA%BC%E8%A6%81%E9%87%8F%E4%B8%89%E5%AF%B8-%E5%AF%B8%E9%97%9C%E5%B0%BA%E6%98%AF%E4%B8%89%E7%A8%AE%E4%BE%86%E6%BA%90%E7%9A%84%E6%B0%A3,/mirror_classic-_of_bian_que/45-氣口為什麼要量三寸-寸關尺是三種來源的氣,45-氣口為什麼要量三寸-寸關尺是三種來源的氣,/en/mirror_classic-_of_bian_que/45-氣口為什麼要量三寸-寸關尺是三種來源的氣/,preserve,clean-filename-title-complete,Physical filename/title cleaned; public URL preserved by slug; display order follows GuidePosition.
bianque-mirror,扁鵲鏡經篇,Mirror_Classic _of_Bian_Que,Mirror_Classic _of_Bian_Que/脈不是一條線-波湧隴起與三六九分.md,Mirror_Classic _of_Bian_Que/47-脈不是一條線-波湧隴起與三六九分.md,en/Mirror_Classic _of_Bian_Que/脈不是一條線-波湧隴起與三六九分_英文.md,en/Mirror_Classic _of_Bian_Que/47-脈不是一條線-波湧隴起與三六九分_英文.md,脈不是一條線：波湧、隴起與三分六分九分,脈不是一條線：波湧、隴起與三分六分九分,"The Pulse Is Not a Line: Surging, Ridge-Rising, and Three, Six, Nine Fen",47,47 脈不是一條線：波湧、隴起與三分六分九分,"47 The Pulse Is Not a Line: Surging, Ridge-Rising, and Three, Six, Nine Fen",47,47,470,70,diagnosis,診斷,research,zh,bianque-mirror-047,https://cosmosorder.org/mirror_classic-_of_bian_que/47-%E8%84%88%E4%B8%8D%E6%98%AF%E4%B8%80%E6%A2%9D%E7%B7%9A-%E6%B3%A2%E6%B9%A7%E9%9A%B4%E8%B5%B7%E8%88%87%E4%B8%89%E5%85%AD%E4%B9%9D%E5%88%86,/mirror_classic-_of_bian_que/47-脈不是一條線-波湧隴起與三六九分,47-脈不是一條線-波湧隴起與三六九分,/en/mirror_classic-_of_bian_que/47-脈不是一條線-波湧隴起與三六九分/,preserve,clean-filename-title-complete,Physical filename/title cleaned; public URL preserved by slug; display order follows GuidePosition.
bianque-mirror,扁鵲鏡經篇,Mirror_Classic _of_Bian_Que,Mirror_Classic _of_Bian_Que/黃鐘六十分與蕤賓五十三分-怎樣從正常脈律發現偏移.md,Mirror_Classic _of_Bian_Que/48-黃鐘六十分與蕤賓五十三分-怎樣從正常脈律發現偏移.md,en/Mirror_Classic _of_Bian_Que/黃鐘六十分與蕤賓五十三分-怎樣從正常脈律發現偏移_英文.md,en/Mirror_Classic _of_Bian_Que/48-黃鐘六十分與蕤賓五十三分-怎樣從正常脈律發現偏移_英文.md,黃鐘六十分與蕤賓五十三分：怎樣從正常脈律發現偏移？,黃鐘六十分與蕤賓五十三分：怎樣從正常脈律發現偏移？,Huangzhong at Sixty Fen and Ruibin at Fifty-Three: How Does the Mirror Classic Detect Deviation from Pulse-Law Baselines?,48,48 黃鐘六十分與蕤賓五十三分：怎樣從正常脈律發現偏移？,48 Huangzhong at Sixty Fen and Ruibin at Fifty-Three: How Does the Mirror Classic Detect Deviation from Pulse-Law Baselines?,48,48,480,70,diagnosis,診斷,research,zh,bianque-mirror-048,https://cosmosorder.org/mirror_classic-_of_bian_que/48-%E9%BB%83%E9%90%98%E5%85%AD%E5%8D%81%E5%88%86%E8%88%87%E8%95%A4%E8%B3%93%E4%BA%94%E5%8D%81%E4%B8%89%E5%88%86-%E6%80%8E%E6%A8%A3%E5%BE%9E%E6%AD%A3%E5%B8%B8%E8%84%88%E5%BE%8B%E7%99%BC%E7%8F%BE%E5%81%8F%E7%A7%BB,/mirror_classic-_of_bian_que/48-黃鐘六十分與蕤賓五十三分-怎樣從正常脈律發現偏移,48-黃鐘六十分與蕤賓五十三分-怎樣從正常脈律發現偏移,/en/mirror_classic-_of_bian_que/48-黃鐘六十分與蕤賓五十三分-怎樣從正常脈律發現偏移/,preserve,clean-filename-title-complete,Physical filename/title cleaned; public URL preserved by slug; display order follows GuidePosition.
bianque-mirror,扁鵲鏡經篇,Mirror_Classic _of_Bian_Que,Mirror_Classic _of_Bian_Que/什麼叫揆度-鏡經真正的診斷算法從這裡開始.md,Mirror_Classic _of_Bian_Que/49-什麼叫揆度-鏡經真正的診斷算法從這裡開始.md,en/Mirror_Classic _of_Bian_Que/什麼叫揆度-鏡經真正的診斷算法從這裡開始_英文.md,en/Mirror_Classic _of_Bian_Que/49-什麼叫揆度-鏡經真正的診斷算法從這裡開始_英文.md,什麼叫「揆度」？《鏡經》真正的診斷算法從這裡開始,什麼叫「揆度」？《鏡經》真正的診斷算法從這裡開始,What Is “Kuidu”? The Mirror Classic’s Diagnostic Algorithm Begins Here,49,49 什麼叫「揆度」？《鏡經》真正的診斷算法從這裡開始,49 What Is “Kuidu”? The Mirror Classic’s Diagnostic Algorithm Begins Here,49,49,490,70,diagnosis,診斷,research,zh,bianque-mirror-049,https://cosmosorder.org/mirror_classic-_of_bian_que/49-%E4%BB%80%E9%BA%BC%E5%8F%AB%E6%8F%86%E5%BA%A6-%E9%8F%A1%E7%B6%93%E7%9C%9F%E6%AD%A3%E7%9A%84%E8%A8%BA%E6%96%B7%E7%AE%97%E6%B3%95%E5%BE%9E%E9%80%99%E8%A3%A1%E9%96%8B%E5%A7%8B,/mirror_classic-_of_bian_que/49-什麼叫揆度-鏡經真正的診斷算法從這裡開始,49-什麼叫揆度-鏡經真正的診斷算法從這裡開始,/en/mirror_classic-_of_bian_que/49-什麼叫揆度-鏡經真正的診斷算法從這裡開始/,preserve,clean-filename-title-complete,Physical filename/title cleaned; public URL preserved by slug; display order follows GuidePosition.
bianque-mirror,扁鵲鏡經篇,Mirror_Classic _of_Bian_Que,Mirror_Classic _of_Bian_Que/當位與應位-疾病是氣在哪裡失去關係.md,Mirror_Classic _of_Bian_Que/50-當位與應位-疾病是氣在哪裡失去關係.md,en/Mirror_Classic _of_Bian_Que/當位與應位-疾病是氣在哪裡失去關係_英文.md,en/Mirror_Classic _of_Bian_Que/50-當位與應位-疾病是氣在哪裡失去關係_英文.md,當位與應位：疾病不是只問「在哪裡」，而是氣在哪裡失去關係,當位與應位：疾病不是只問「在哪裡」，而是氣在哪裡失去關係,"Proper Position and Response Position: Disease Is Not Only “Where,” but Where Qi Loses Its Relation",50,50 當位與應位：疾病不是只問「在哪裡」，而是氣在哪裡失去關係,"50 Proper Position and Response Position: Disease Is Not Only “Where,” but Where Qi Loses Its Relation",50,50,500,70,diagnosis,診斷,research,zh,bianque-mirror-050,https://cosmosorder.org/mirror_classic-_of_bian_que/50-%E7%95%B6%E4%BD%8D%E8%88%87%E6%87%89%E4%BD%8D-%E7%96%BE%E7%97%85%E6%98%AF%E6%B0%A3%E5%9C%A8%E5%93%AA%E8%A3%A1%E5%A4%B1%E5%8E%BB%E9%97%9C%E4%BF%82,/mirror_classic-_of_bian_que/50-當位與應位-疾病是氣在哪裡失去關係,50-當位與應位-疾病是氣在哪裡失去關係,/en/mirror_classic-_of_bian_que/50-當位與應位-疾病是氣在哪裡失去關係/,preserve,clean-filename-title-complete,Physical filename/title cleaned; public URL preserved by slug; display order follows GuidePosition.
bianque-mirror,扁鵲鏡經篇,Mirror_Classic _of_Bian_Que,Mirror_Classic _of_Bian_Que/五臟穿鑿-為什麼心可與多個腑相通.md,Mirror_Classic _of_Bian_Que/51-五臟穿鑿-為什麼心可與多個腑相通.md,en/Mirror_Classic _of_Bian_Que/五臟穿鑿-為什麼心可與多個腑相通_英文.md,en/Mirror_Classic _of_Bian_Que/51-五臟穿鑿-為什麼心可與多個腑相通_英文.md,五臟「穿鑿」：為什麼心可以與膽、胃、三焦、膀胱、大腸相通？,五臟「穿鑿」：為什麼心可以與膽、胃、三焦、膀胱、大腸相通？,"“Tunneling” Among the Five Zang: Why Can the Heart Communicate with the Gallbladder, Stomach, Sanjiao, Bladder, and Large Intestine?",51,51 五臟「穿鑿」：為什麼心可以與膽、胃、三焦、膀胱、大腸相通？,"51 “Tunneling” Among the Five Zang: Why Can the Heart Communicate with the Gallbladder, Stomach, Sanjiao, Bladder, and Large Intestine?",51,51,510,80,geometry,幾何,research,zh,bianque-mirror-051,https://cosmosorder.org/mirror_classic-_of_bian_que/51-%E4%BA%94%E8%87%9F%E7%A9%BF%E9%91%BF-%E7%82%BA%E4%BB%80%E9%BA%BC%E5%BF%83%E5%8F%AF%E8%88%87%E5%A4%9A%E5%80%8B%E8%85%91%E7%9B%B8%E9%80%9A,/mirror_classic-_of_bian_que/51-五臟穿鑿-為什麼心可與多個腑相通,51-五臟穿鑿-為什麼心可與多個腑相通,/en/mirror_classic-_of_bian_que/51-五臟穿鑿-為什麼心可與多個腑相通/,preserve,clean-filename-title-complete,Physical filename/title cleaned; public URL preserved by slug; display order follows GuidePosition.
bianque-mirror,扁鵲鏡經篇,Mirror_Classic _of_Bian_Que,Mirror_Classic _of_Bian_Que/六經的深淺真的有數字-六分五分四分.md,Mirror_Classic _of_Bian_Que/52-六經的深淺真的有數字-六分五分四分.md,en/Mirror_Classic _of_Bian_Que/六經的深淺真的有數字-六分五分四分_英文.md,en/Mirror_Classic _of_Bian_Que/52-六經的深淺真的有數字-六分五分四分_英文.md,六經的深淺真的有數字：六分、五分、四分……,六經的深淺真的有數字：六分、五分、四分……,"The Depths of the Six Channels Really Have Numbers: Six Fen, Five Fen, Four Fen…",52,52 六經的深淺真的有數字：六分、五分、四分……,"52 The Depths of the Six Channels Really Have Numbers: Six Fen, Five Fen, Four Fen…",52,52,520,80,geometry,幾何,research,zh,bianque-mirror-052,https://cosmosorder.org/mirror_classic-_of_bian_que/52-%E5%85%AD%E7%B6%93%E7%9A%84%E6%B7%B1%E6%B7%BA%E7%9C%9F%E7%9A%84%E6%9C%89%E6%95%B8%E5%AD%97-%E5%85%AD%E5%88%86%E4%BA%94%E5%88%86%E5%9B%9B%E5%88%86,/mirror_classic-_of_bian_que/52-六經的深淺真的有數字-六分五分四分,52-六經的深淺真的有數字-六分五分四分,/en/mirror_classic-_of_bian_que/52-六經的深淺真的有數字-六分五分四分/,preserve,clean-filename-title-complete,Physical filename/title cleaned; public URL preserved by slug; display order follows GuidePosition.
bianque-mirror,扁鵲鏡經篇,Mirror_Classic _of_Bian_Que,Mirror_Classic _of_Bian_Que/十二律的長度如何計算-音分度乘舍分度.md,Mirror_Classic _of_Bian_Que/53-十二律的長度如何計算-音分度乘舍分度.md,en/Mirror_Classic _of_Bian_Que/十二律的長度如何計算-音分度乘舍分度_英文.md,en/Mirror_Classic _of_Bian_Que/53-十二律的長度如何計算-音分度乘舍分度_英文.md,十二律的長度如何計算？音分度 × 舍分度,十二律的長度如何計算？音分度 × 舍分度,How Are the Lengths of the Twelve Lü Calculated? Tonal Division × She Division,53,53 十二律的長度如何計算？音分度 × 舍分度,53 How Are the Lengths of the Twelve Lü Calculated? Tonal Division × She Division,53,53,530,80,geometry,幾何,research,zh,bianque-mirror-053,https://cosmosorder.org/mirror_classic-_of_bian_que/53-%E5%8D%81%E4%BA%8C%E5%BE%8B%E7%9A%84%E9%95%B7%E5%BA%A6%E5%A6%82%E4%BD%95%E8%A8%88%E7%AE%97-%E9%9F%B3%E5%88%86%E5%BA%A6%E4%B9%98%E8%88%8D%E5%88%86%E5%BA%A6,/mirror_classic-_of_bian_que/53-十二律的長度如何計算-音分度乘舍分度,53-十二律的長度如何計算-音分度乘舍分度,/en/mirror_classic-_of_bian_que/53-十二律的長度如何計算-音分度乘舍分度/,preserve,clean-filename-title-complete,Physical filename/title cleaned; public URL preserved by slug; display order follows GuidePosition.
bianque-mirror,扁鵲鏡經篇,Mirror_Classic _of_Bian_Que,Mirror_Classic _of_Bian_Que/三十七條經隧有多長-鏡經的人體幾何總圖.md,Mirror_Classic _of_Bian_Que/54-三十七條經隧有多長-鏡經的人體幾何總圖.md,en/Mirror_Classic _of_Bian_Que/三十七條經隧有多長-鏡經的人體幾何總圖_英文.md,en/Mirror_Classic _of_Bian_Que/54-三十七條經隧有多長-鏡經的人體幾何總圖_英文.md,三十七條經隧有多長？《鏡經》的人體幾何總圖,三十七條經隧有多長？《鏡經》的人體幾何總圖,How Long Are the Thirty-Seven Channel Passages? The Mirror Classic’s Whole-Body Geometric Ledger,54,54 三十七條經隧有多長？《鏡經》的人體幾何總圖,54 How Long Are the Thirty-Seven Channel Passages? The Mirror Classic’s Whole-Body Geometric Ledger,54,54,540,80,geometry,幾何,research,zh,bianque-mirror-054,https://cosmosorder.org/mirror_classic-_of_bian_que/54-%E4%B8%89%E5%8D%81%E4%B8%83%E6%A2%9D%E7%B6%93%E9%9A%A7%E6%9C%89%E5%A4%9A%E9%95%B7-%E9%8F%A1%E7%B6%93%E7%9A%84%E4%BA%BA%E9%AB%94%E5%B9%BE%E4%BD%95%E7%B8%BD%E5%9C%96,/mirror_classic-_of_bian_que/54-三十七條經隧有多長-鏡經的人體幾何總圖,54-三十七條經隧有多長-鏡經的人體幾何總圖,/en/mirror_classic-_of_bian_que/54-三十七條經隧有多長-鏡經的人體幾何總圖/,preserve,clean-filename-title-complete,Physical filename/title cleaned; public URL preserved by slug; display order follows GuidePosition.
bianque-mirror,扁鵲鏡經篇,Mirror_Classic _of_Bian_Que,Mirror_Classic _of_Bian_Que/少陰之人-為什麼四動也可以是正常.md,Mirror_Classic _of_Bian_Que/55-少陰之人-為什麼四動也可以是正常.md,en/Mirror_Classic _of_Bian_Que/少陰之人-為什麼四動也可以是正常_英文.md,en/Mirror_Classic _of_Bian_Que/55-少陰之人-為什麼四動也可以是正常_英文.md,少陰之人：為什麼四動也可以是正常？,少陰之人：為什麼四動也可以是正常？,The Shaoyin-Type Person: Why Can Four Pulse Movements Still Be Normal?,55,55 少陰之人：為什麼四動也可以是正常？,55 The Shaoyin-Type Person: Why Can Four Pulse Movements Still Be Normal?,55,55,550,90,individualization,個體化,research,zh,bianque-mirror-055,https://cosmosorder.org/mirror_classic-_of_bian_que/55-%E5%B0%91%E9%99%B0%E4%B9%8B%E4%BA%BA-%E7%82%BA%E4%BB%80%E9%BA%BC%E5%9B%9B%E5%8B%95%E4%B9%9F%E5%8F%AF%E4%BB%A5%E6%98%AF%E6%AD%A3%E5%B8%B8,/mirror_classic-_of_bian_que/55-少陰之人-為什麼四動也可以是正常,55-少陰之人-為什麼四動也可以是正常,/en/mirror_classic-_of_bian_que/55-少陰之人-為什麼四動也可以是正常/,preserve,clean-filename-title-complete,Physical filename/title cleaned; public URL preserved by slug; display order follows GuidePosition.
bianque-mirror,扁鵲鏡經篇,Mirror_Classic _of_Bian_Que,Mirror_Classic _of_Bian_Que/太陰之人-三出一入與九分之脈.md,Mirror_Classic _of_Bian_Que/56-太陰之人-三出一入與九分之脈.md,en/Mirror_Classic _of_Bian_Que/太陰之人-三出一入與九分之脈_英文.md,en/Mirror_Classic _of_Bian_Que/56-太陰之人-三出一入與九分之脈_英文.md,太陰之人：三出一入與九分之脈,太陰之人：三出一入與九分之脈,"The Taiyin-Type Person: Three Out, One In, and a Nine-Fen Pulse",56,56 太陰之人：三出一入與九分之脈,"56 The Taiyin-Type Person: Three Out, One In, and a Nine-Fen Pulse",56,56,560,90,individualization,個體化,research,zh,bianque-mirror-056,https://cosmosorder.org/mirror_classic-_of_bian_que/56-%E5%A4%AA%E9%99%B0%E4%B9%8B%E4%BA%BA-%E4%B8%89%E5%87%BA%E4%B8%80%E5%85%A5%E8%88%87%E4%B9%9D%E5%88%86%E4%B9%8B%E8%84%88,/mirror_classic-_of_bian_que/56-太陰之人-三出一入與九分之脈,56-太陰之人-三出一入與九分之脈,/en/mirror_classic-_of_bian_que/56-太陰之人-三出一入與九分之脈/,preserve,clean-filename-title-complete,Physical filename/title cleaned; public URL preserved by slug; display order follows GuidePosition.
bianque-mirror,扁鵲鏡經篇,Mirror_Classic _of_Bian_Que,Mirror_Classic _of_Bian_Que/厥陰之人-四出一入與三分之脈.md,Mirror_Classic _of_Bian_Que/57-厥陰之人-四出一入與三分之脈.md,en/Mirror_Classic _of_Bian_Que/厥陰之人-四出一入與三分之脈_英文.md,en/Mirror_Classic _of_Bian_Que/57-厥陰之人-四出一入與三分之脈_英文.md,厥陰之人：四出一入與三分之脈,厥陰之人：四出一入與三分之脈,"The Jueyin-Type Person: Four Out, One In, and a Three-Fen Pulse",57,57 厥陰之人：四出一入與三分之脈,"57 The Jueyin-Type Person: Four Out, One In, and a Three-Fen Pulse",57,57,570,90,individualization,個體化,research,zh,bianque-mirror-057,https://cosmosorder.org/mirror_classic-_of_bian_que/57-%E5%8E%A5%E9%99%B0%E4%B9%8B%E4%BA%BA-%E5%9B%9B%E5%87%BA%E4%B8%80%E5%85%A5%E8%88%87%E4%B8%89%E5%88%86%E4%B9%8B%E8%84%88,/mirror_classic-_of_bian_que/57-厥陰之人-四出一入與三分之脈,57-厥陰之人-四出一入與三分之脈,/en/mirror_classic-_of_bian_que/57-厥陰之人-四出一入與三分之脈/,preserve,clean-filename-title-complete,Physical filename/title cleaned; public URL preserved by slug; display order follows GuidePosition.
bianque-mirror,扁鵲鏡經篇,Mirror_Classic _of_Bian_Que,Mirror_Classic _of_Bian_Que/少陽之人-再入一出與徐息.md,Mirror_Classic _of_Bian_Que/58-少陽之人-再入一出與徐息.md,en/Mirror_Classic _of_Bian_Que/少陽之人-再入一出與徐息_英文.md,en/Mirror_Classic _of_Bian_Que/58-少陽之人-再入一出與徐息_英文.md,少陽之人：再入一出與徐息,少陽之人：再入一出與徐息,"The Shaoyang-Type Person: Two In, One Out, and Slow Breathing",58,58 少陽之人：再入一出與徐息,"58 The Shaoyang-Type Person: Two In, One Out, and Slow Breathing",58,58,580,90,individualization,個體化,research,zh,bianque-mirror-058,https://cosmosorder.org/mirror_classic-_of_bian_que/58-%E5%B0%91%E9%99%BD%E4%B9%8B%E4%BA%BA-%E5%86%8D%E5%85%A5%E4%B8%80%E5%87%BA%E8%88%87%E5%BE%90%E6%81%AF,/mirror_classic-_of_bian_que/58-少陽之人-再入一出與徐息,58-少陽之人-再入一出與徐息,/en/mirror_classic-_of_bian_que/58-少陽之人-再入一出與徐息/,preserve,clean-filename-title-complete,Physical filename/title cleaned; public URL preserved by slug; display order follows GuidePosition.
bianque-mirror,扁鵲鏡經篇,Mirror_Classic _of_Bian_Que,Mirror_Classic _of_Bian_Que/陽明之人-三入一出與三分湧躍.md,Mirror_Classic _of_Bian_Que/59-陽明之人-三入一出與三分湧躍.md,en/Mirror_Classic _of_Bian_Que/陽明之人-三入一出與三分湧躍_英文.md,en/Mirror_Classic _of_Bian_Que/59-陽明之人-三入一出與三分湧躍_英文.md,陽明之人：三入一出與三分湧躍,陽明之人：三入一出與三分湧躍,"The Yangming-Type Person: Three In, One Out, and Three-Fen Surging-Leaping",59,59 陽明之人：三入一出與三分湧躍,"59 The Yangming-Type Person: Three In, One Out, and Three-Fen Surging-Leaping",59,59,590,90,individualization,個體化,research,zh,bianque-mirror-059,https://cosmosorder.org/mirror_classic-_of_bian_que/59-%E9%99%BD%E6%98%8E%E4%B9%8B%E4%BA%BA-%E4%B8%89%E5%85%A5%E4%B8%80%E5%87%BA%E8%88%87%E4%B8%89%E5%88%86%E6%B9%A7%E8%BA%8D,/mirror_classic-_of_bian_que/59-陽明之人-三入一出與三分湧躍,59-陽明之人-三入一出與三分湧躍,/en/mirror_classic-_of_bian_que/59-陽明之人-三入一出與三分湧躍/,preserve,clean-filename-title-complete,Physical filename/title cleaned; public URL preserved by slug; display order follows GuidePosition.
bianque-mirror,扁鵲鏡經篇,Mirror_Classic _of_Bian_Que,Mirror_Classic _of_Bian_Que/太陽之人-四入一出與鏡經的個體化醫學.md,Mirror_Classic _of_Bian_Que/60-太陽之人-四入一出與鏡經的個體化醫學.md,en/Mirror_Classic _of_Bian_Que/太陽之人-四入一出與鏡經的個體化醫學_英文.md,en/Mirror_Classic _of_Bian_Que/60-太陽之人-四入一出與鏡經的個體化醫學_英文.md,太陽之人：四入一出——《扁鵲鏡經》最後留下的個體化醫學,太陽之人：四入一出——《扁鵲鏡經》最後留下的個體化醫學,"The Taiyang-Type Person: Four In, One Out—and the Mirror Classic’s Final Lesson in Individualized Medicine",60,60 太陽之人：四入一出——《扁鵲鏡經》最後留下的個體化醫學,"60 The Taiyang-Type Person: Four In, One Out—and the Mirror Classic’s Final Lesson in Individualized Medicine",60,60,600,90,individualization,個體化,research,zh,bianque-mirror-060,https://cosmosorder.org/mirror_classic-_of_bian_que/60-%E5%A4%AA%E9%99%BD%E4%B9%8B%E4%BA%BA-%E5%9B%9B%E5%85%A5%E4%B8%80%E5%87%BA%E8%88%87%E9%8F%A1%E7%B6%93%E7%9A%84%E5%80%8B%E9%AB%94%E5%8C%96%E9%86%AB%E5%AD%B8,/mirror_classic-_of_bian_que/60-太陽之人-四入一出與鏡經的個體化醫學,60-太陽之人-四入一出與鏡經的個體化醫學,/en/mirror_classic-_of_bian_que/60-太陽之人-四入一出與鏡經的個體化醫學/,preserve,clean-filename-title-complete,Physical filename/title cleaned; public URL preserved by slug; display order follows GuidePosition.
